,State,County,Confirmed,Recovered,Deaths
644,Alabama,Covington,0,0,0
532,Alabama,Clarke,0,0,0
538,Alabama,Clay,0,0,0
2974,Alabama,Washington,1,0,0
562,Alabama,Cleburne,0,0,0
587,Alabama,Coffee,0,0,0
592,Alabama,Colbert,0,0,0
1813,Alabama,Marshall,0,0,0
500,Alabama,Choctaw,0,0,0
622,Alabama,Conecuh,0,0,0
1792,Alabama,Marion,1,0,0
1787,Alabama,Marengo,0,0,0
2937,Alabama,Walker,5,0,0
667,Alabama,Crenshaw,0,0,0
2258,Alabama,Pickens,0,0,0
1755,Alabama,Madison,21,0,0
1747,Alabama,Macon,0,0,0
634,Alabama,Coosa,0,0,0
494,Alabama,Chilton,0,0,0
471,Alabama,Cherokee,0,0,0
2481,Alabama,Russell,0,0,0
110,Alabama,Autauga,1,0,0
119,Alabama,Baldwin,4,0,0
2233,Alabama,Perry,0,0,0
131,Alabama,Barbour,0,0,0
2385,Alabama,Randolph,0,0,0
3107,Alabama,Winston,0,0,0
201,Alabama,Bibb,0,0,0
221,Alabama,Blount,0,0,0
3076,Alabama,Wilcox,0,0,0
310,Alabama,Bullock,0,0,0
322,Alabama,Butler,0,0,0
347,Alabama,Calhoun,2,0,0
2005,Alabama,Morgan,2,0,0
1978,Alabama,Montgomery,9,0,0
1957,Alabama,Monroe,0,0,0
1948,Alabama,Mobile,6,0,0
443,Alabama,Chambers,5,0,0
706,Alabama,Dale,0,0,0
708,Alabama,Dallas,0,0,0
680,Alabama,Cullman,3,0,0
738,Alabama,DeKalb,0,0,0
1299,Alabama,Houston,1,0,0
1248,Alabama,Henry,0,0,0
1364,Alabama,Jackson,2,0,0
2736,Alabama,Sumter,0,0,0
1152,Alabama,Hale,0,0,0
1400,Alabama,Jefferson,91,0,0
2759,Alabama,Talladega,2,0,0
2761,Alabama,Tallapoosa,2,0,0
2656,Alabama,St. Clair,4,0,0
1111,Alabama,Greene,0,0,0
1032,Alabama,Geneva,0,0,0
1725,Alabama,Lowndes,0,0,0
956,Alabama,Franklin,1,0,0
1576,Alabama,Lamar,1,0,0
2267,Alabama,Pike,0,0,0
2844,Alabama,Tuscaloosa,10,0,0
873,Alabama,Elmore,8,0,0
885,Alabama,Escambia,0,0,0
894,Alabama,Etowah,0,0,0
1607,Alabama,Lawrence,0,0,0
914,Alabama,Fayette,0,0,0
2592,Alabama,Shelby,27,0,0
1624,Alabama,Lee,26,0,0
1662,Alabama,Limestone,4,0,0
1600,Alabama,Lauderdale,3,0,0
784,Alaska,Dillingham,0,0,0
1151,Alaska,Haines,0,0,0
199,Alaska,Bethel,0,0,0
2900,Alaska,Valdez-Cordova,0,0,0
766,Alaska,Denali,0,0,0
3129,Alaska,Wrangell,0,0,0
2245,Alaska,Petersburg,0,0,0
2094,Alaska,North Slope,0,0,0
2100,Alaska,Northwest Arctic,0,0,0
2090,Alaska,Nome,0,0,0
2645,Alaska,Southeast Fairbanks,0,0,0
1461,Alaska,Juneau,2,0,0
1482,Alaska,Kenai Peninsula,4,0,0
898,Alaska,Fairbanks North Star,9,0,0
2624,Alaska,Sitka,0,0,0
1498,Alaska,Ketchikan Gateway,8,0,0
1536,Alaska,Kodiak Island,0,0,0
1541,Alaska,Kusilvak,0,0,0
1840,Alaska,Matanuska-Susitna,0,0,0
1574,Alaska,Lake and Peninsula,0,0,0
274,Alaska,Bristol Bay,0,0,0
2626,Alaska,Skagway,0,0,0
1291,Alaska,Hoonah-Angoon,0,0,0
3161,Alaska,Yukon-Koyukuk,0,0,0
3141,Alaska,Yakutat,0,0,0
32,Alaska,Aleutians East,0,0,0
33,Alaska,Aleutians West,0,0,0
58,Alaska,Anchorage,17,0,0
2350,Alaska,Prince of Wales-Hyder,0,0,0
1038,Arizona,Gila,0,0,0
2278,Arizona,Pinal,22,0,0
585,Arizona,Coconino,18,0,1
2277,Arizona,Pima,42,0,1
1788,Arizona,Maricopa,199,0,2
582,Arizona,Cochise,1,0,0
1543,Arizona,La Paz,0,0,0
3147,Arizona,Yavapai,3,0,0
1951,Arizona,Mohave,0,0,0
2049,Arizona,Navajo,32,0,0
1071,Arizona,Graham,2,0,0
73,Arizona,Apache,4,0,0
3162,Arizona,Yuma,2,0,0
2531,Arizona,Santa Cruz,1,0,0
1125,Arizona,Greenlee,0,0,0
2856,Arizona,Unassigned,0,0,2
1555,Arkansas,Lafayette,0,0,0
2072,Arkansas,Newton,0,0,0
772,Arkansas,Desha,2,0,0
563,Arkansas,Cleburne,34,0,1
231,Arkansas,Boone,1,0,0
994,Arkansas,Fulton,0,0,0
2975,Arkansas,Washington,7,0,0
1694,Arkansas,Little River,0,0,0
1940,Arkansas,Mississippi,0,0,0
2386,Arkansas,Randolph,0,0,0
2059,Arkansas,Nevada,0,0,0
2905,Arkansas,Van Buren,7,0,0
2587,Arkansas,Sharp,0,0,0
1703,Arkansas,Logan,0,0,0
912,Arkansas,Faulkner,17,0,0
2554,Arkansas,Scott,0,0,0
2857,Arkansas,Unassigned,18,0,1
539,Arkansas,Clay,0,0,0
3149,Arkansas,Yell,0,0,0
258,Arkansas,Bradley,4,0,0
1608,Arkansas,Lawrence,1,0,0
2175,Arkansas,Ouachita,0,0,0
2661,Arkansas,St. Francis,0,0,0
2875,Arkansas,Union,1,0,0
819,Arkansas,Drew,0,0,0
957,Arkansas,Franklin,0,0,0
1958,Arkansas,Monroe,0,0,0
3120,Arkansas,Woodruff,1,0,0
2579,Arkansas,Sevier,1,0,0
3060,Arkansas,White,1,0,0
2569,Arkansas,Sebastian,1,0,0
2568,Arkansas,Searcy,2,0,0
180,Arkansas,Benton,1,0,0
2316,Arkansas,Pope,1,0,0
565,Arkansas,Cleveland,3,0,0
1664,Arkansas,Lincoln,2,0,0
1625,Arkansas,Lee,0,0,0
2354,Arkansas,Pulaski,64,0,0
1714,Arkansas,Lonoke,0,0,0
149,Arkansas,Baxter,0,0,0
1401,Arkansas,Jefferson,22,0,0
676,Arkansas,Cross,1,0,0
669,Arkansas,Crittenden,1,0,0
1979,Arkansas,Montgomery,0,0,0
520,Arkansas,Clark,6,0,0
2234,Arkansas,Perry,0,0,0
652,Arkansas,Craighead,4,0,0
1365,Arkansas,Jackson,0,0,0
1296,Arkansas,Hot Spring,1,0,0
1081,Arkansas,Grant,3,0,0
1362,Arkansas,Izard,0,0,0
1438,Arkansas,Johnson,0,0,0
2252,Arkansas,Phillips,0,0,0
1793,Arkansas,Marion,0,0,0
1338,Arkansas,Independence,3,0,0
626,Arkansas,Conway,1,0,0
393,Arkansas,Carroll,0,0,0
492,Arkansas,Chicot,0,0,0
1112,Arkansas,Greene,1,0,0
2301,Arkansas,Polk,1,0,0
92,Arkansas,Ashley,0,0,0
2497,Arkansas,Saline,4,0,0
82,Arkansas,Arkansas,0,0,0
655,Arkansas,Crawford,1,0,0
2337,Arkansas,Prairie,0,0,0
2299,Arkansas,Poinsett,3,0,0
1019,Arkansas,Garland,11,0,0
709,Arkansas,Dallas,0,0,0
605,Arkansas,Columbia,1,0,0
1304,Arkansas,Howard,0,0,0
1925,Arkansas,Miller,0,0,0
348,Arkansas,Calhoun,0,0,0
1238,Arkansas,Hempstead,1,0,0
2711,Arkansas,Stone,1,0,0
1756,Arkansas,Madison,0,0,0
2268,Arkansas,Pike,1,0,0
2516,California,San Luis Obispo,42,0,0
54,California,Amador,2,0,0
2529,California,Santa Barbara,24,0,0
2914,California,Ventura,39,0,1
330,California,Butte,4,0,0
1597,California,Lassen,0,0,0
2440,California,Riverside,57,0,6
2043,California,Napa,2,0,0
2508,California,San Diego,238,0,2
1717,California,Los Angeles,669,0,11
1342,California,Inyo,0,0,0
2530,California,Santa Clara,375,0,16
2588,California,Shasta,3,0,0
624,California,Contra Costa,86,0,1
2143,California,Orange,152,0,1
858,California,El Dorado,3,0,0
2060,California,Nevada,4,0,0
756,California,Del Norte,0,0,0
339,California,Calaveras,2,0,0
2511,California,San Joaquin,60,0,2
1754,California,Madera,6,0,0
1954,California,Mono,2,0,0
2532,California,Santa Cruz,24,0,0
2288,California,Placer,26,0,1
1976,California,Monterey,24,0,1
2509,California,San Francisco,152,0,1
1337,California,Imperial,9,0,0
1790,California,Marin,53,0,0
2517,California,San Mateo,165,0,5
3153,California,Yolo,10,0,1
53,California,Alpine,0,0,0
1949,California,Modoc,0,0,0
2294,California,Plumas,0,0,0
2507,California,San Bernardino,38,0,1
1809,California,Mariposa,0,0,0
615,California,Colusa,0,0,0
2747,California,Sutter,0,0,0
3160,California,Yuba,3,0,0
991,California,Fresno,18,0,0
2681,California,Stanislaus,11,0,0
1512,California,Kings,0,0,0
2615,California,Sierra,0,0,0
1318,California,Humboldt,5,0,0
1495,California,Kern,15,0,0
2623,California,Siskiyou,3,0,0
2831,California,Trinity,0,0,0
1052,California,Glenn,0,0,0
2637,California,Solano,24,0,0
2643,California,Sonoma,34,0,1
1562,California,Lake,0,0,0
2491,California,Sacramento,88,0,4
2778,California,Tehama,0,0,0
2506,California,San Benito,7,0,1
2838,California,Tulare,17,0,0
2841,California,Tuolumne,0,0,0
25,California,Alameda,135,0,2
1893,California,Mendocino,2,0,0
1897,California,Merced,1,0,0
2780,Colorado,Teller,3,0,0
1704,Colorado,Logan,2,0,0
1276,Colorado,Hinsdale,1,0,0
80,Colorado,Archuleta,0,0,0
1516,Colorado,Kiowa,0,0,0
2199,Colorado,Park,1,0,0
763,Colorado,Delta,1,0,0
769,Colorado,Denver,176,0,0
987,Colorado,Fremont,1,0,0
1665,Colorado,Lincoln,0,0,0
1909,Colorado,Mesa,5,0,0
1544,Colorado,La Plata,1,0,0
179,Colorado,Bent,0,0,0
2283,Colorado,Pitkin,18,0,0
8,Colorado,Adams,27,0,0
2570,Colorado,Sedgwick,0,0,0
3163,Colorado,Yuma,1,0,0
2435,Colorado,Rio Blanco,0,0,0
1013,Colorado,Garfield,10,0,0
2518,Colorado,San Miguel,1,0,0
1075,Colorado,Grand,2,0,0
113,Colorado,Baca,0,0,0
2006,Colorado,Morgan,3,0,0
640,Colorado,Costilla,0,0,0
2494,Colorado,Saguache,0,0,0
1402,Colorado,Jefferson,73,0,0
678,Colorado,Crowley,1,0,1
2253,Colorado,Phillips,0,0,0
623,Colorado,Conejos,0,0,0
1046,Colorado,Gilpin,0,0,0
694,Colorado,Custer,0,0,0
2976,Colorado,Washington,0,0,0
1146,Colorado,Gunnison,40,0,0
2473,Colorado,Routt,4,0,0
2731,Colorado,Summit,10,0,0
1998,Colorado,Montrose,3,0,0
2436,Colorado,Rio Grande,0,0,0
3041,Colorado,Weld,76,0,2
1977,Colorado,Montezuma,0,0,0
797,Colorado,Dolores,0,0,0
1519,Colorado,Kit Carson,0,0,0
1596,Colorado,Las Animas,0,0,0
2177,Colorado,Ouray,0,0,0
1932,Colorado,Mineral,0,0,0
2353,Colorado,Pueblo,3,0,0
2165,Colorado,Otero,0,0,0
2512,Colorado,San Juan,0,0,0
1594,Colorado,Larimer,43,0,0
836,Colorado,Eagle,96,0,1
2858,Colorado,Unassigned,18,0,3
1315,Colorado,Huerfano,1,0,0
1950,Colorado,Moffat,0,0,0
244,Colorado,Boulder,49,0,0
2352,Colorado,Prowers,0,0,0
1366,Colorado,Jackson,0,0,0
78,Colorado,Arapahoe,69,0,0
442,Colorado,Chaffee,3,0,0
806,Colorado,Douglas,53,0,0
282,Colorado,Broomfield,5,0,0
487,Colorado,Cheyenne,0,0,0
859,Colorado,El Paso,106,0,4
861,Colorado,Elbert,3,0,0
558,Colorado,Clear Creek,3,0,0
26,Colorado,Alamosa,0,0,0
1563,Colorado,Lake,0,0,0
2063,Connecticut,New Haven,89,0,0
3097,Connecticut,Windham,2,0,0
2065,Connecticut,New London,6,0,0
1224,Connecticut,Hartford,88,0,2
1693,Connecticut,Litchfield,22,0,0
1915,Connecticut,Middlesex,8,0,0
901,Connecticut,Fairfield,384,0,7
2812,Connecticut,Tolland,19,0,3
2744,Delaware,Sussex,23,0,0
2061,Delaware,New Castle,71,0,0
1488,Delaware,Kent,10,0,0
788,District of Columbia,District of Columbia,187,0,2
1914,Florida,Miami-Dade,367,0,0
932,Florida,Flagler,4,0,0
2769,Florida,Taylor,0,0,0
2946,Florida,Walton,10,0,0
2125,Florida,Okaloosa,14,0,0
23,Florida,Alachua,37,0,0
1259,Florida,Hernando,7,0,0
1145,Florida,Gulf,0,0,0
1339,Florida,Indian River,12,0,0
1048,Florida,Glades,0,0,0
1757,Florida,Madison,0,0,0
2926,Florida,Volusia,19,0,0
1403,Florida,Jefferson,0,0,0
1367,Florida,Jackson,1,0,0
1794,Florida,Marion,4,0,0
2302,Florida,Polk,13,0,0
2160,Florida,Osceola,26,0,0
2535,Florida,Sarasota,26,0,2
2534,Florida,Santa Rosa,6,0,1
1783,Florida,Manatee,16,0,1
606,Florida,Columbia,3,0,0
511,Florida,Citrus,9,0,0
2935,Florida,Wakulla,0,0,0
116,Florida,Baker,4,0,0
1564,Florida,Lake,14,0,0
886,Florida,Escambia,13,0,0
2127,Florida,Okeechobee,0,0,0
1282,Florida,Holmes,0,0,0
453,Florida,Charlotte,3,0,0
2045,Florida,Nassau,1,0,0
2977,Florida,Washington,0,0,0
268,Florida,Brevard,9,0,0
1191,Florida,Hardee,0,0,0
2876,Florida,Union,0,0,0
2280,Florida,Pinellas,45,0,1
1272,Florida,Hillsborough,95,0,0
2193,Florida,Palm Beach,104,0,3
2674,Florida,St. Lucie,6,0,0
2749,Florida,Suwannee,0,0,0
2205,Florida,Pasco,16,0,0
540,Florida,Clay,10,0,2
2572,Florida,Seminole,25,0,0
1646,Florida,Levy,0,0,0
1657,Florida,Liberty,0,0,0
790,Florida,Dixie,0,0,0
1959,Florida,Monroe,3,0,0
283,Florida,Broward,312,0,3
958,Florida,Franklin,0,0,0
2737,Florida,Sumter,10,0,0
1642,Florida,Leon,8,0,1
2362,Florida,Putnam,2,0,0
833,Florida,Duval,50,0,3
2144,Florida,Orange,52,0,2
599,Florida,Collier,41,0,0
744,Florida,DeSoto,1,0,0
256,Florida,Bradford,1,0,0
150,Florida,Bay,1,0,0
349,Florida,Calhoun,0,0,0
1160,Florida,Hamilton,0,0,0
1556,Florida,Lafayette,0,0,0
1245,Florida,Hendry,0,0,0
1825,Florida,Martin,4,0,0
1626,Florida,Lee,34,0,3
1003,Florida,Gadsden,1,0,0
1039,Florida,Gilchrist,0,0,0
2666,Florida,St. Johns,24,0,1
1269,Florida,Highlands,4,0,0
1858,Georgia,McDuffie,0,0,0
2954,Georgia,Warren,0,0,0
1861,Georgia,McIntosh,0,0,0
604,Georgia,Colquitt,2,0,0
556,Georgia,Clayton,21,0,0
588,Georgia,Coffee,2,0,0
2978,Georgia,Washington,1,0,0
581,Georgia,Cobb,90,0,2
1368,Georgia,Jackson,0,0,0
533,Georgia,Clarke,17,0,0
568,Georgia,Clinch,1,0,0
607,Georgia,Columbia,6,0,0
541,Georgia,Clay,0,0,0
2758,Georgia,Taliaferro,0,0,0
801,Georgia,Dooly,0,0,0
2947,Georgia,Walton,1,0,0
995,Georgia,Fulton,191,0,2
2817,Georgia,Toombs,0,0,0
2820,Georgia,Towns,0,0,0
1398,Georgia,Jeff Davis,0,0,0
1156,Georgia,Hall,16,0,0
959,Georgia,Franklin,0,0,0
951,Georgia,Forsyth,8,0,0
2828,Georgia,Treutlen,0,0,0
937,Georgia,Floyd,12,0,1
2834,Georgia,Troup,6,0,0
1577,Georgia,Lamar,3,0,0
915,Georgia,Fayette,12,0,1
2842,Georgia,Turner,1,0,0
908,Georgia,Fannin,1,0,0
2847,Georgia,Twiggs,1,0,0
1150,Georgia,Habersham,0,0,0
1148,Georgia,Gwinnett,46,0,1
2798,Georgia,Tift,4,0,0
2792,Georgia,Thomas,0,0,0
2756,Georgia,Talbot,0,0,0
1113,Georgia,Greene,1,0,0
1428,Georgia,Jenkins,0,0,0
2768,Georgia,Tattnall,1,0,0
2770,Georgia,Taylor,0,0,0
2646,Georgia,Spalding,5,0,0
1439,Georgia,Johnson,0,0,0
897,Georgia,Evans,0,0,0
2779,Georgia,Telfair,1,0,0
1404,Georgia,Jefferson,0,0,0
1064,Georgia,Gordon,8,0,0
1452,Georgia,Jones,0,0,0
2783,Georgia,Terrell,3,0,0
1055,Georgia,Glynn,5,0,0
1050,Georgia,Glascock,0,0,0
1044,Georgia,Gilmer,0,0,0
1068,Georgia,Grady,0,0,0
1591,Georgia,Lanier,0,0,0
2859,Georgia,Unassigned,77,0,23
875,Georgia,Emanuel,0,0,0
739,Georgia,DeKalb,107,0,0
730,Georgia,Dawson,1,0,0
1713,Georgia,Long,0,0,0
1726,Georgia,Lowndes,11,0,0
1732,Georgia,Lumpkin,3,0,0
2544,Georgia,Schley,0,0,0
701,Georgia,Dade,0,0,0
749,Georgia,Decatur,0,0,0
1190,Georgia,Haralson,0,0,0
1758,Georgia,Madison,1,0,0
668,Georgia,Crisp,3,0,0
656,Georgia,Crawford,0,0,0
647,Georgia,Coweta,10,0,0
2938,Georgia,Walker,0,0,0
1795,Georgia,Marion,0,0,0
627,Georgia,Cook,0,0,0
1748,Georgia,Macon,1,0,0
2953,Georgia,Ware,0,0,0
2355,Georgia,Pulaski,1,0,0
1666,Georgia,Lincoln,1,0,0
1604,Georgia,Laurens,6,0,0
862,Georgia,Elbert,0,0,0
856,Georgia,Effingham,3,0,0
844,Georgia,Echols,0,0,0
1389,Georgia,Jasper,1,0,0
837,Georgia,Early,5,0,1
1627,Georgia,Lee,24,0,0
2895,Georgia,Upson,0,0,0
2573,Georgia,Seminole,2,0,0
2877,Georgia,Union,0,0,0
807,Georgia,Douglas,12,0,0
805,Georgia,Dougherty,101,0,6
1176,Georgia,Hancock,0,0,0
793,Georgia,Dodge,0,0,0
2566,Georgia,Screven,0,0,0
1658,Georgia,Liberty,1,0,0
2738,Georgia,Sumter,4,0,0
1211,Georgia,Harris,1,0,0
2303,Georgia,Polk,8,0,0
1926,Georgia,Miller,1,0,0
456,Georgia,Charlton,1,0,0
3067,Georgia,Whitfield,2,0,0
1300,Georgia,Houston,5,0,0
126,Georgia,Banks,0,0,0
459,Georgia,Chatham,7,0,0
3126,Georgia,Worth,4,0,0
2031,Georgia,Murray,0,0,0
1980,Georgia,Montgomery,0,0,0
120,Georgia,Baldwin,2,0,0
461,Georgia,Chattahoochee,0,0,0
462,Georgia,Chattooga,1,0,0
2209,Georgia,Paulding,6,0,0
117,Georgia,Baker,3,0,0
114,Georgia,Bacon,0,0,0
279,Georgia,Brooks,0,0,0
2115,Georgia,Oconee,5,0,0
174,Georgia,Ben Hill,1,0,0
261,Georgia,Brantley,0,0,0
138,Georgia,Barrow,2,0,0
1960,Georgia,Monroe,3,0,0
2387,Georgia,Randolph,1,0,0
75,Georgia,Appling,0,0,0
2121,Georgia,Oglethorpe,0,0,0
1222,Georgia,Hart,0,0,0
2216,Georgia,Peach,3,0,0
144,Georgia,Bartow,76,0,1
3078,Georgia,Wilkes,0,0,0
2376,Georgia,Rabun,0,0,0
350,Georgia,Calhoun,0,0,0
379,Georgia,Candler,0,0,0
2035,Georgia,Muscogee,4,0,0
3077,Georgia,Wilcox,0,0,0
1943,Georgia,Mitchell,4,0,0
2706,Georgia,Stewart,0,0,0
2374,Georgia,Quitman,0,0,0
3033,Georgia,Webster,0,0,0
3013,Georgia,Wayne,0,0,0
431,Georgia,Catoosa,1,0,0
3081,Georgia,Wilkinson,0,0,0
2427,Georgia,Richmond,11,0,0
2696,Georgia,Stephens,2,0,0
2259,Georgia,Pickens,4,0,0
2269,Georgia,Pike,0,0,0
365,Georgia,Camden,1,0,0
219,Georgia,Bleckley,0,0,0
202,Georgia,Bibb,4,0,0
100,Georgia,Atkinson,0,0,0
394,Georgia,Carroll,26,0,0
2007,Georgia,Morgan,1,0,0
1249,Georgia,Henry,13,0,0
2262,Georgia,Pierce,1,0,0
296,Georgia,Bryan,2,0,0
472,Georgia,Cherokee,30,0,0
309,Georgia,Bulloch,0,0,0
2073,Georgia,Newton,6,0,0
2363,Georgia,Putnam,0,0,0
196,Georgia,Berrien,0,0,0
1906,Georgia,Meriwether,1,0,0
2457,Georgia,Rockdale,8,0,0
3061,Georgia,White,0,0,0
333,Georgia,Butts,2,0,0
1354,Georgia,Irwin,1,0,0
1236,Georgia,Heard,1,0,0
3056,Georgia,Wheeler,0,0,0
313,Georgia,Burke,1,0,0
1475,Hawaii,Kauai,1,0,0
1230,Hawaii,Hawaii,2,0,0
2860,Hawaii,Unassigned,21,0,0
1465,Hawaii,Kalawao,0,0,0
1842,Hawaii,Maui,9,0,0
1287,Hawaii,Honolulu,58,0,1
212,Idaho,Blaine,40,0,0
2613,Idaho,Shoshone,0,0,0
388,Idaho,Caribou,0,0,0
426,Idaho,Cassia,1,0,0
1538,Idaho,Kootenai,8,0,0
988,Idaho,Fremont,0,0,0
224,Idaho,Boise,0,0,0
2848,Idaho,Twin Falls,1,0,0
363,Idaho,Camas,0,0,0
1759,Idaho,Madison,2,0,0
175,Idaho,Benewah,0,0,0
2186,Idaho,Owyhee,0,0,0
2136,Idaho,Oneida,0,0,0
874,Idaho,Elmore,0,0,0
229,Idaho,Bonner,0,0,0
230,Idaho,Bonneville,0,0,0
245,Idaho,Boundary,0,0,0
1598,Idaho,Latah,0,0,0
960,Idaho,Franklin,0,0,0
208,Idaho,Bingham,2,0,0
2334,Idaho,Power,0,0,0
381,Idaho,Canyon,5,0,0
155,Idaho,Bear Lake,0,0,0
1639,Idaho,Lemhi,0,0,0
1431,Idaho,Jerome,0,0,0
1937,Idaho,Minidoka,0,0,0
2979,Idaho,Washington,0,0,0
1336,Idaho,Idaho,0,0,0
2786,Idaho,Teton,2,0,0
1063,Idaho,Gooding,0,0,0
331,Idaho,Butte,0,0,0
3,Idaho,Ada,24,0,0
560,Idaho,Clearwater,0,0,0
2078,Idaho,Nez Perce,1,0,0
695,Idaho,Custer,0,0,0
1405,Idaho,Jefferson,2,0,0
2214,Idaho,Payette,0,0,0
1647,Idaho,Lewis,0,0,0
1667,Idaho,Lincoln,0,0,0
521,Idaho,Clark,0,0,0
2902,Idaho,Valley,1,0,0
9,Idaho,Adams,0,0,0
1029,Idaho,Gem,0,0,0
128,Idaho,Bannock,2,0,0
1705,Illinois,Logan,0,0,0
232,Illinois,Boone,0,0,0
228,Illinois,Bond,0,0,0
737,Illinois,De Witt,0,0,0
657,Illinois,Crawford,0,0,0
2356,Illinois,Pulaski,0,0,0
740,Illinois,DeKalb,1,0,0
34,Illinois,Alexander,0,0,0
1194,Illinois,Hardin,0,0,0
3083,Illinois,Will,28,0,1
2593,Illinois,Shelby,0,0,0
2008,Illinois,Morgan,0,0,0
1177,Illinois,Hancock,0,0,0
1696,Illinois,Livingston,1,0,0
1250,Illinois,Henry,0,0,0
284,Illinois,Brown,0,0,0
2878,Illinois,Union,0,0,0
2420,Illinois,Richland,0,0,0
2120,Illinois,Ogle,0,0,0
857,Illinois,Effingham,0,0,0
853,Illinois,Edwards,0,0,0
1239,Illinois,Henderson,0,0,0
1749,Illinois,Macon,0,0,0
1753,Illinois,Macoupin,0,0,0
351,Illinois,Calhoun,0,0,0
2699,Illinois,Stephenson,1,0,0
848,Illinois,Edgar,0,0,0
1609,Illinois,Lawrence,0,0,0
2026,Illinois,Moultrie,0,0,0
2861,Illinois,Unassigned,0,0,4
2927,Illinois,Wabash,0,0,0
1390,Illinois,Jasper,0,0,0
2317,Illinois,Pope,0,0,0
1628,Illinois,Lee,0,0,0
2915,Illinois,Vermilion,0,0,0
820,Illinois,DuPage,103,0,0
1760,Illinois,Madison,2,0,0
2547,Illinois,Schuyler,0,0,0
3066,Illinois,Whiteside,1,0,0
808,Illinois,Douglas,0,0,0
682,Illinois,Cumberland,1,0,0
3062,Illinois,White,0,0,0
3102,Illinois,Winnebago,5,0,0
916,Illinois,Fayette,0,0,0
2228,Illinois,Peoria,3,0,0
1470,Illinois,Kane,24,0,0
1859,Illinois,McHenry,14,0,0
1855,Illinois,McDonough,0,0,0
1472,Illinois,Kankakee,4,0,0
1353,Illinois,Iroquois,0,0,0
1483,Illinois,Kendall,4,0,0
445,Illinois,Champaign,4,0,0
569,Illinois,Clinton,3,0,0
2454,Illinois,Rock Island,1,0,0
2657,Illinois,St. Clair,7,0,0
3118,Illinois,Woodford,3,0,0
1838,Illinois,Massac,0,0,0
1007,Illinois,Gallatin,0,0,0
1832,Illinois,Mason,0,0,0
1961,Illinois,Monroe,1,0,0
996,Illinois,Fulton,0,0,0
542,Illinois,Clay,0,0,0
2388,Illinois,Randolph,0,0,0
1867,Illinois,McLean,7,0,1
2235,Illinois,Perry,0,0,0
2364,Illinois,Putnam,0,0,0
1898,Illinois,Mercer,0,0,0
10,Illinois,Adams,1,0,0
1406,Illinois,Jefferson,0,0,0
1114,Illinois,Greene,0,0,0
1137,Illinois,Grundy,1,0,0
1891,Illinois,Menard,0,0,0
505,Illinois,Christian,1,0,0
1432,Illinois,Jersey,0,0,0
2776,Illinois,Tazewell,0,0,0
2256,Illinois,Piatt,0,0,0
1437,Illinois,Jo Daviess,1,0,0
1440,Illinois,Johnson,0,0,0
2980,Illinois,Washington,1,0,0
2270,Illinois,Pike,0,0,0
522,Illinois,Clark,0,0,0
2498,Illinois,Saline,0,0,0
2686,Illinois,Stark,0,0,0
1527,Illinois,Knox,0,0,0
2555,Illinois,Scott,0,0,0
946,Illinois,Ford,0,0,0
961,Illinois,Franklin,0,0,0
1565,Illinois,Lake,111,0,0
1369,Illinois,Jackson,1,0,0
1796,Illinois,Marion,0,0,0
1981,Illinois,Montgomery,0,0,0
3089,Illinois,Williamson,0,0,0
3014,Illinois,Wayne,0,0,0
1161,Illinois,Hamilton,0,0,0
417,Illinois,Cass,0,0,0
2955,Illinois,Warren,0,0,0
595,Illinois,Coles,0,0,0
1549,Illinois,LaSalle,3,0,0
312,Illinois,Bureau,0,0,0
628,Illinois,Cook,1194,0,9
395,Illinois,Carroll,0,0,0
1814,Illinois,Marshall,0,0,0
2526,Illinois,Sangamon,5,0,1
938,Indiana,Floyd,6,0,0
1251,Indiana,Henry,0,0,0
210,Indiana,Blackford,0,0,0
1082,Indiana,Grant,3,0,0
2084,Indiana,Noble,1,0,0
2145,Indiana,Orange,0,0,0
285,Indiana,Brown,1,0,0
2122,Indiana,Ohio,1,0,0
2594,Indiana,Shelby,1,0,0
2755,Indiana,Switzerland,0,0,0
2074,Indiana,Newton,0,0,0
11,Indiana,Adams,1,0,0
1566,Indiana,Lake,17,0,0
1115,Indiana,Greene,1,0,0
1178,Indiana,Hancock,8,0,1
1407,Indiana,Jefferson,0,0,0
917,Indiana,Fayette,3,0,0
1326,Indiana,Huntington,0,0,0
2365,Indiana,Putnam,1,0,0
2556,Indiana,Scott,1,0,1
2324,Indiana,Posey,0,0,0
2648,Indiana,Spencer,0,0,0
1429,Indiana,Jennings,2,0,0
2879,Indiana,Union,0,0,0
2271,Indiana,Pike,0,0,0
865,Indiana,Elkhart,5,0,0
2805,Indiana,Tipton,2,0,0
2389,Indiana,Randolph,0,0,0
1305,Indiana,Howard,6,0,1
997,Indiana,Fulton,0,0,0
2202,Indiana,Parke,0,0,0
2804,Indiana,Tippecanoe,4,0,0
1539,Indiana,Kosciusko,0,0,0
1546,Indiana,LaGrange,0,0,0
1548,Indiana,LaPorte,2,0,0
181,Indiana,Benton,0,0,0
962,Indiana,Franklin,7,0,0
141,Indiana,Bartholomew,5,0,0
1036,Indiana,Gibson,2,0,0
1610,Indiana,Lawrence,1,0,0
2701,Indiana,Steuben,0,0,0
3068,Indiana,Whitley,0,0,0
2183,Indiana,Owen,2,0,0
2322,Indiana,Porter,1,0,0
233,Indiana,Boone,4,0,0
821,Indiana,Dubois,1,0,0
1162,Indiana,Hamilton,30,0,0
955,Indiana,Fountain,0,0,0
1397,Indiana,Jay,0,0,0
1528,Indiana,Knox,0,0,0
3063,Indiana,White,0,0,0
2236,Indiana,Perry,0,0,0
1441,Indiana,Johnson,18,0,3
1391,Indiana,Jasper,0,0,0
1213,Indiana,Harrison,0,0,0
3015,Indiana,Wayne,0,0,0
741,Indiana,DeKalb,1,0,0
2956,Indiana,Warren,0,0,0
2357,Indiana,Pulaski,0,0,0
1797,Indiana,Marion,161,0,6
2437,Indiana,Ripley,6,0,0
757,Indiana,Delaware,7,0,1
570,Indiana,Clinton,0,0,0
3042,Indiana,Wells,1,0,0
396,Indiana,Carroll,0,0,0
2917,Indiana,Vermillion,0,0,0
2912,Indiana,Vanderburgh,1,0,0
1962,Indiana,Monroe,3,0,0
1826,Indiana,Martin,0,0,0
723,Indiana,Daviess,0,0,0
2723,Indiana,Sullivan,0,0,0
1982,Indiana,Montgomery,1,0,0
418,Indiana,Cass,0,0,0
1815,Indiana,Marshall,0,0,0
1244,Indiana,Hendricks,14,0,0
543,Indiana,Clay,0,0,0
2689,Indiana,Starke,2,0,0
2968,Indiana,Warrick,1,0,0
1370,Indiana,Jackson,1,0,0
46,Indiana,Allen,7,0,1
2981,Indiana,Washington,2,0,0
1761,Indiana,Madison,3,0,0
750,Indiana,Decatur,7,0,0
748,Indiana,Dearborn,2,0,0
2922,Indiana,Vigo,3,0,0
658,Indiana,Crawford,0,0,0
1911,Indiana,Miami,1,0,0
2009,Indiana,Morgan,3,0,0
2477,Indiana,Rush,0,0,0
2928,Indiana,Wabash,0,0,0
523,Indiana,Clark,6,0,0
2667,Indiana,St. Joseph,18,0,0
963,Iowa,Franklin,0,0,0
182,Iowa,Benton,0,0,0
1983,Iowa,Montgomery,0,0,0
877,Iowa,Emmet,0,0,0
1762,Iowa,Madison,0,0,0
1163,Iowa,Hamilton,0,0,0
1371,Iowa,Jackson,0,0,0
1306,Iowa,Howard,0,0,0
2327,Iowa,Pottawattamie,2,0,0
2595,Iowa,Shelby,0,0,0
2950,Iowa,Wapello,1,0,0
397,Iowa,Carroll,1,0,0
1776,Iowa,Mahaska,0,0,0
659,Iowa,Crawford,0,0,0
939,Iowa,Floyd,0,0,0
1319,Iowa,Humboldt,0,0,0
1798,Iowa,Marion,0,0,0
209,Iowa,Black Hawk,4,0,0
3016,Iowa,Wayne,0,0,0
2161,Iowa,Osceola,0,0,0
918,Iowa,Fayette,1,0,0
1195,Iowa,Hardin,0,0,0
234,Iowa,Boone,0,0,0
3103,Iowa,Winnebago,0,0,0
989,Iowa,Fremont,0,0,0
1540,Iowa,Kossuth,1,0,0
2297,Iowa,Pocahontas,0,0,0
3127,Iowa,Worth,0,0,0
1928,Iowa,Mills,0,0,0
1453,Iowa,Jones,0,0,0
534,Iowa,Clarke,0,0,0
12,Iowa,Adams,0,0,0
1442,Iowa,Johnson,37,0,0
3130,Iowa,Wright,0,0,0
544,Iowa,Clay,0,0,0
1138,Iowa,Grundy,0,0,0
1214,Iowa,Harrison,3,0,0
2771,Iowa,Taylor,0,0,0
473,Iowa,Cherokee,0,0,0
2490,Iowa,Sac,0,0,0
2982,Iowa,Washington,4,0,0
1116,Iowa,Greene,0,0,0
490,Iowa,Chickasaw,0,0,0
2762,Iowa,Tama,4,0,0
105,Iowa,Audubon,0,0,0
3105,Iowa,Winneshiek,1,0,0
2716,Iowa,Story,2,0,0
557,Iowa,Clayton,0,0,0
2957,Iowa,Warren,1,0,0
1816,Iowa,Marshall,0,0,0
2191,Iowa,Page,0,0,0
419,Iowa,Cass,0,0,0
2034,Iowa,Muscatine,5,0,0
2194,Iowa,Palo Alto,0,0,0
1963,Iowa,Monroe,0,0,0
3117,Iowa,Woodbury,2,0,0
1345,Iowa,Iowa,0,0,0
1955,Iowa,Monona,0,0,0
571,Iowa,Clinton,0,0,0
1494,Iowa,Keokuk,0,0,0
437,Iowa,Cedar,1,0,0
1147,Iowa,Guthrie,0,0,0
441,Iowa,Cerro Gordo,2,0,0
2295,Iowa,Plymouth,0,0,0
1944,Iowa,Mitchell,0,0,0
2335,Iowa,Poweshiek,2,0,0
2620,Iowa,Sioux,1,0,0
3034,Iowa,Webster,0,0,0
758,Iowa,Delaware,0,0,0
1408,Iowa,Jefferson,0,0,0
352,Iowa,Calhoun,0,0,0
1392,Iowa,Jasper,1,0,0
2906,Iowa,Van Buren,0,0,0
303,Iowa,Buena Vista,0,0,0
1740,Iowa,Lyon,0,0,0
780,Iowa,Dickinson,0,0,0
2557,Iowa,Scott,1,0,0
1720,Iowa,Louisa,0,0,0
2109,Iowa,O'Brien,0,0,0
726,Iowa,Davis,0,0,0
39,Iowa,Allamakee,6,0,0
751,Iowa,Decatur,0,0,0
1729,Iowa,Lucas,0,0,0
1335,Iowa,Ida,0,0,0
822,Iowa,Dubuque,7,0,1
323,Iowa,Butler,0,0,0
770,Iowa,Des Moines,0,0,0
267,Iowa,Bremer,0,0,0
1179,Iowa,Hancock,2,0,0
710,Iowa,Dallas,7,0,0
74,Iowa,Appanoose,0,0,0
2880,Iowa,Union,0,0,0
1629,Iowa,Lee,0,0,0
2433,Iowa,Ringgold,0,0,0
1688,Iowa,Linn,6,0,0
2862,Iowa,Unassigned,2,0,0
298,Iowa,Buchanan,1,0,0
1252,Iowa,Henry,1,0,0
4,Iowa,Adair,1,0,0
2304,Iowa,Polk,15,0,0
2603,Kansas,Sheridan,0,0,0
1706,Kansas,Logan,0,0,0
2734,Kansas,Sumner,0,0,0
1443,Kansas,Johnson,36,0,1
1027,Kansas,Geary,0,0,0
1227,Kansas,Haskell,0,0,0
1945,Kansas,Mitchell,1,0,0
1668,Kansas,Lincoln,0,0,0
1072,Kansas,Graham,0,0,0
964,Kansas,Franklin,1,0,0
524,Kansas,Clark,0,0,0
2629,Kansas,Smith,0,0,0
2432,Kansas,Riley,0,0,0
1875,Kansas,McPherson,0,0,0
1984,Kansas,Montgomery,0,0,0
142,Kansas,Barton,0,0,0
2054,Kansas,Nemaha,0,0,0
617,Kansas,Comanche,0,0,0
2056,Kansas,Neosho,0,0,0
1878,Kansas,Meade,0,0,0
1551,Kansas,Labette,0,0,0
1083,Kansas,Grant,0,0,0
2416,Kansas,Rice,0,0,0
2478,Kansas,Rush,0,0,0
1511,Kansas,Kingman,0,0,0
545,Kansas,Clay,0,0,0
1280,Kansas,Hodgeman,0,0,0
578,Kansas,Cloud,0,0,0
2684,Kansas,Stanton,0,0,0
2339,Kansas,Pratt,0,0,0
286,Kansas,Brown,0,0,0
2211,Kansas,Pawnee,0,0,0
130,Kansas,Barber,0,0,0
1517,Kansas,Kiowa,0,0,0
457,Kansas,Chase,0,0,0
2608,Kansas,Sherman,0,0,0
863,Kansas,Elk,0,0,0
1226,Kansas,Harvey,0,0,0
799,Kansas,Doniphan,1,0,0
781,Kansas,Dickinson,0,0,0
2058,Kansas,Ness,0,0,0
809,Kansas,Douglas,6,0,0
590,Kansas,Coffey,0,0,0
2101,Kansas,Norton,0,0,0
2793,Kansas,Thomas,0,0,0
324,Kansas,Butler,3,0,0
463,Kansas,Chautauqua,0,0,0
2499,Kansas,Saline,0,0,0
3122,Kansas,Woodson,1,0,0
1817,Kansas,Marshall,0,0,0
2571,Kansas,Sedgwick,7,0,0
1067,Kansas,Gove,0,0,0
2466,Kansas,Rooks,0,0,0
2679,Kansas,Stafford,0,0,0
947,Kansas,Ford,0,0,0
1372,Kansas,Jackson,1,0,0
1741,Kansas,Lyon,2,0,0
474,Kansas,Cherokee,2,0,0
1912,Kansas,Miami,0,0,0
2170,Kansas,Ottawa,0,0,0
2590,Kansas,Shawnee,0,0,0
1105,Kansas,Greeley,0,0,0
59,Kansas,Anderson,0,0,0
660,Kansas,Crawford,2,0,0
1588,Kansas,Lane,0,0,0
2023,Kansas,Morton,0,0,0
97,Kansas,Atchison,0,0,0
752,Kansas,Decatur,0,0,0
854,Kansas,Edwards,0,0,0
2983,Kansas,Washington,0,0,0
2409,Kansas,Reno,2,0,0
1164,Kansas,Hamilton,0,0,0
1209,Kansas,Harper,0,0,0
1689,Kansas,Linn,4,0,0
246,Kansas,Bourbon,1,0,0
488,Kansas,Cheyenne,0,0,0
2930,Kansas,Wabaunsee,0,0,0
2482,Kansas,Russell,0,0,0
872,Kansas,Ellsworth,0,0,0
1409,Kansas,Jefferson,0,0,0
869,Kansas,Ellis,0,0,0
2582,Kansas,Seward,0,0,0
3134,Kansas,Wyandotte,22,0,1
1129,Kansas,Greenwood,0,0,0
648,Kansas,Cowley,0,0,0
47,Kansas,Allen,0,0,0
2017,Kansas,Morris,2,0,0
2398,Kansas,Rawlins,0,0,0
2703,Kansas,Stevens,0,0,0
3092,Kansas,Wilson,0,0,0
2826,Kansas,Trego,0,0,0
1799,Kansas,Marion,0,0,0
2254,Kansas,Phillips,0,0,0
1434,Kansas,Jewell,0,0,0
930,Kansas,Finney,0,0,0
3072,Kansas,Wichita,0,0,0
2413,Kansas,Republic,0,0,0
2558,Kansas,Scott,0,0,0
2325,Kansas,Pottawatomie,1,0,0
1479,Kansas,Kearny,0,0,0
2156,Kansas,Osage,0,0,0
1099,Kansas,Gray,0,0,0
1622,Kansas,Leavenworth,7,0,0
2159,Kansas,Osborne,0,0,0
2941,Kansas,Wallace,0,0,0
2223,Kentucky,Pendleton,0,0,0
136,Kentucky,Barren,0,0,0
1850,Kentucky,McCracken,2,0,0
121,Kentucky,Ballard,0,0,0
325,Kentucky,Butler,0,0,0
1669,Kentucky,Lincoln,0,0,0
1204,Kentucky,Harlan,0,0,0
1410,Kentucky,Jefferson,35,0,1
1102,Kentucky,Grayson,0,0,0
1910,Kentucky,Metcalfe,0,0,0
1697,Kentucky,Livingston,0,0,0
2272,Kentucky,Pike,0,0,0
1293,Kentucky,Hopkins,0,0,0
1084,Kentucky,Grant,0,0,0
1127,Kentucky,Greenup,0,0,0
1215,Kentucky,Harrison,10,0,0
2237,Kentucky,Perry,0,0,0
2984,Kentucky,Washington,0,0,0
60,Kentucky,Anderson,2,0,1
1098,Kentucky,Graves,0,0,0
1444,Kentucky,Johnson,0,0,0
2474,Kentucky,Rowan,0,0,0
2559,Kentucky,Scott,1,0,0
1107,Kentucky,Green,0,0,0
525,Kentucky,Clark,2,0,0
2772,Kentucky,Taylor,0,0,0
1894,Kentucky,Menifee,1,0,0
308,Kentucky,Bullitt,0,0,0
1180,Kentucky,Hancock,0,0,0
1879,Kentucky,Meade,0,0,0
506,Kentucky,Christian,2,0,0
1433,Kentucky,Jessamine,1,0,0
1868,Kentucky,McLean,0,0,0
546,Kentucky,Clay,0,0,0
2483,Kentucky,Russell,0,0,0
1851,Kentucky,McCreary,0,0,0
2649,Kentucky,Spencer,1,0,0
2080,Kentucky,Nicholas,0,0,0
3035,Kentucky,Webster,1,0,0
2332,Kentucky,Powell,0,0,0
2010,Kentucky,Morgan,0,0,0
1611,Kentucky,Lawrence,0,0,0
1262,Kentucky,Hickman,0,0,0
1373,Kentucky,Jackson,0,0,0
2456,Kentucky,Rockcastle,0,0,0
919,Kentucky,Fayette,28,0,1
48,Kentucky,Allen,1,0,0
2596,Kentucky,Shelby,0,0,0
373,Kentucky,Campbell,1,0,0
3017,Kentucky,Wayne,0,0,0
3069,Kentucky,Whitley,0,0,0
265,Kentucky,Breathitt,2,0,0
934,Kentucky,Fleming,0,0,0
266,Kentucky,Breckinridge,0,0,0
2830,Kentucky,Trimble,0,0,0
1800,Kentucky,Marion,0,0,0
940,Kentucky,Floyd,0,0,0
2358,Kentucky,Pulaski,3,0,0
1196,Kentucky,Hardin,2,0,0
1742,Kentucky,Lyon,1,0,0
851,Kentucky,Edmonson,0,0,0
2447,Kentucky,Robertson,0,0,0
360,Kentucky,Calloway,1,0,0
252,Kentucky,Boyd,0,0,0
868,Kentucky,Elliott,0,0,0
683,Kentucky,Cumberland,0,0,0
1240,Kentucky,Henderson,2,0,0
247,Kentucky,Bourbon,2,0,1
254,Kentucky,Boyle,0,0,0
1603,Kentucky,Laurel,1,0,0
255,Kentucky,Bracken,0,0,0
2123,Kentucky,Ohio,0,0,0
1763,Kentucky,Madison,2,0,0
670,Kentucky,Crittenden,0,0,0
2029,Kentucky,Muhlenberg,2,0,0
2132,Kentucky,Oldham,1,0,0
1595,Kentucky,Larue,0,0,0
2863,Kentucky,Unassigned,19,0,0
235,Kentucky,Boone,1,0,0
893,Kentucky,Estill,0,0,0
1775,Kentucky,Magoffin,0,0,0
389,Kentucky,Carlisle,0,0,0
398,Kentucky,Carroll,0,0,0
2829,Kentucky,Trigg,0,0,0
1985,Kentucky,Montgomery,2,0,0
1526,Kentucky,Knott,0,0,0
3112,Kentucky,Wolfe,0,0,0
1964,Kentucky,Monroe,0,0,0
998,Kentucky,Fulton,0,0,0
724,Kentucky,Daviess,14,0,0
1827,Kentucky,Martin,1,0,0
1833,Kentucky,Mason,0,0,0
1008,Kentucky,Gallatin,0,0,0
1630,Kentucky,Lee,0,0,0
1223,Kentucky,Hart,0,0,0
2618,Kentucky,Simpson,1,0,0
572,Kentucky,Clinton,0,0,0
3119,Kentucky,Woodford,0,0,0
147,Kentucky,Bath,0,0,0
1020,Kentucky,Garrard,0,0,0
1493,Kentucky,Kenton,8,0,0
1648,Kentucky,Lewis,0,0,0
1707,Kentucky,Logan,1,0,0
2881,Kentucky,Union,0,0,0
1645,Kentucky,Letcher,0,0,0
2051,Kentucky,Nelson,1,0,0
2809,Kentucky,Todd,0,0,0
2184,Kentucky,Owen,0,0,0
965,Kentucky,Franklin,2,0,0
2185,Kentucky,Owsley,0,0,0
170,Kentucky,Bell,0,0,0
416,Kentucky,Casey,0,0,0
341,Kentucky,Caldwell,0,0,0
408,Kentucky,Carter,0,0,0
1253,Kentucky,Henry,0,0,0
1644,Kentucky,Leslie,0,0,0
1529,Kentucky,Knox,0,0,0
1818,Kentucky,Marshall,0,0,0
1899,Kentucky,Mercer,0,0,0
2958,Kentucky,Warren,5,0,0
5,Kentucky,Adair,0,0,0
1333,Louisiana,Iberia,2,0,0
2665,Louisiana,St. John the Baptist,21,0,0
1,Louisiana,Acadia,2,0,0
2664,Louisiana,St. James,9,0,1
1374,Louisiana,Jackson,0,0,0
2669,Louisiana,St. Landry,3,0,0
2676,Louisiana,St. Mary,2,0,0
2663,Louisiana,St. Helena,0,0,0
2675,Louisiana,St. Martin,1,0,0
1334,Louisiana,Iberville,14,0,1
2678,Louisiana,St. Tammany,52,0,1
88,Louisiana,Ascension,36,0,1
1411,Louisiana,Jefferson,293,0,6
369,Louisiana,Cameron,0,0,0
2004,Louisiana,Morehouse,0,0,0
429,Louisiana,Catahoula,1,0,1
2289,Louisiana,Plaquemines,8,0,0
2488,Louisiana,Sabine,0,0,0
513,Louisiana,Claiborne,2,0,0
3036,Louisiana,Webster,3,0,1
2300,Louisiana,Pointe Coupee,0,0,0
49,Louisiana,Allen,2,0,0
1764,Louisiana,Madison,0,0,0
2918,Louisiana,Vernon,2,0,0
2916,Louisiana,Vermilion,0,0,0
736,Louisiana,De Soto,6,0,0
1698,Louisiana,Livingston,6,0,0
621,Louisiana,Concordia,0,0,0
2047,Louisiana,Natchitoches,2,0,0
342,Louisiana,Caldwell,0,0,0
340,Louisiana,Calcasieu,5,0,1
95,Louisiana,Assumption,2,0,0
112,Louisiana,Avoyelles,3,0,0
158,Louisiana,Beauregard,2,0,0
2395,Louisiana,Rapides,10,0,1
3101,Louisiana,Winn,0,0,0
2176,Louisiana,Ouachita,7,0,1
203,Louisiana,Bienville,1,0,0
2153,Louisiana,Orleans,675,0,26
2403,Louisiana,Red River,0,0,0
241,Louisiana,Bossier,12,0,0
2421,Louisiana,Richland,1,0,0
3046,Louisiana,West Feliciana,0,0,0
3045,Louisiana,West Carroll,0,0,0
3044,Louisiana,West Baton Rouge,5,0,1
337,Louisiana,Caddo,40,0,0
1670,Louisiana,Lincoln,2,0,0
2882,Louisiana,Union,0,0,0
2985,Louisiana,Washington,3,0,1
2782,Louisiana,Terrebonne,14,0,0
2764,Louisiana,Tangipahoa,4,0,0
1085,Louisiana,Grant,1,0,0
1426,Louisiana,Jefferson Davis,0,0,0
1561,Louisiana,Lafourche,16,0,0
2781,Louisiana,Tensas,0,0,0
1557,Louisiana,Lafayette,12,0,0
1550,Louisiana,LaSalle,0,0,0
2864,Louisiana,Unassigned,12,0,1
896,Louisiana,Evangeline,2,0,0
840,Louisiana,East Feliciana,0,0,0
966,Louisiana,Franklin,0,0,0
839,Louisiana,East Carroll,0,0,0
2653,Louisiana,St. Bernard,19,0,0
838,Louisiana,East Baton Rouge,58,0,2
2654,Louisiana,St. Charles,15,0,0
2282,Maine,Piscataquis,0,0,0
2936,Maine,Waldo,1,0,0
2492,Maine,Sagadahoc,3,0,0
2638,Maine,Somerset,0,0,0
967,Maine,Franklin,0,0,0
1530,Maine,Knox,1,0,0
1486,Maine,Kennebec,5,0,0
2986,Maine,Washington,0,0,0
66,Maine,Androscoggin,3,0,0
684,Maine,Cumberland,74,0,0
1671,Maine,Lincoln,5,0,0
3154,Maine,York,16,0,0
86,Maine,Aroostook,0,0,0
1181,Maine,Hancock,0,0,0
2187,Maine,Oxford,6,0,0
2227,Maine,Penobscot,4,0,0
122,Maryland,Baltimore,51,0,1
362,Maryland,Calvert,3,0,0
982,Maryland,Frederick,7,0,0
123,Maryland,Baltimore City,53,0,0
1986,Maryland,Montgomery,127,0,1
436,Maryland,Cecil,4,0,0
448,Maryland,Charles,8,0,0
68,Maryland,Anne Arundel,31,0,0
1021,Maryland,Garrett,3,0,0
1489,Maryland,Kent,1,0,0
803,Maryland,Dorchester,0,0,0
2987,Maryland,Washington,4,0,0
2757,Maryland,Talbot,1,0,0
41,Maryland,Allegany,0,0,0
3124,Maryland,Worcester,2,0,0
391,Maryland,Caroline,1,0,0
2677,Maryland,St. Mary's,2,0,0
1203,Maryland,Harford,5,0,0
1307,Maryland,Howard,35,0,0
2639,Maryland,Somerset,1,0,0
2348,Maryland,Prince George's,76,0,2
2372,Maryland,Queen Anne's,1,0,0
3074,Maryland,Wicomico,4,0,0
399,Maryland,Carroll,5,0,0
134,Massachusetts,Barnstable,40,0,0
2042,Massachusetts,Nantucket,0,0,0
271,Massachusetts,Bristol,31,0,0
968,Massachusetts,Franklin,10,0,0
194,Massachusetts,Berkshire,37,0,0
2091,Massachusetts,Norfolk,129,0,0
3125,Massachusetts,Worcester,73,0,0
1171,Massachusetts,Hampden,24,0,0
825,Massachusetts,Dukes and Nantucket,2,0,0
1172,Massachusetts,Hampshire,8,0,0
824,Massachusetts,Dukes,0,0,0
2720,Massachusetts,Suffolk,234,0,1
2865,Massachusetts,Unassigned,85,0,9
888,Massachusetts,Essex,118,0,0
2296,Massachusetts,Plymouth,64,0,0
1916,Massachusetts,Middlesex,304,0,1
1996,Michigan,Montmorency,0,0,0
2163,Michigan,Oscoda,0,0,0
2168,Michigan,Otsego,5,0,0
2171,Michigan,Ottawa,15,0,0
1811,Michigan,Marquette,1,0,0
2527,Michigan,Sanilac,0,0,0
2178,Michigan,Out of MI,6,0,0
1567,Michigan,Lake,0,0,0
1745,Michigan,Mackinac,0,0,0
1746,Michigan,Macomb,225,0,3
2162,Michigan,Osceola,0,0,0
2546,Michigan,Schoolcraft,0,0,0
1592,Michigan,Lapeer,1,0,0
1731,Michigan,Luce,0,0,0
1699,Michigan,Livingston,13,0,0
1375,Michigan,Jackson,6,0,0
1298,Michigan,Houghton,0,0,0
1640,Michigan,Lenawee,0,0,0
1784,Michigan,Manistee,1,0,0
1834,Michigan,Mason,0,0,0
2493,Michigan,Saginaw,8,0,0
1341,Michigan,Ingham,15,0,0
1343,Michigan,Ionia,0,0,0
1975,Michigan,Montcalm,1,0,0
1965,Michigan,Monroe,12,0,0
1344,Michigan,Iosco,0,0,0
2036,Michigan,Muskegon,3,0,0
1349,Michigan,Iron,0,0,0
1939,Michigan,Missaukee,0,0,0
2612,Michigan,Shiawassee,0,0,0
1500,Michigan,Keweenaw,0,0,0
2469,Michigan,Roscommon,1,0,0
1490,Michigan,Kent,31,0,1
2658,Michigan,St. Clair,8,0,0
1919,Michigan,Midland,5,0,0
2068,Michigan,Newaygo,2,0,0
1466,Michigan,Kalkaska,1,0,0
1464,Michigan,Kalamazoo,3,0,0
2110,Michigan,Oakland,428,0,4
2113,Michigan,Oceana,0,0,0
2668,Michigan,St. Joseph,0,0,0
1895,Michigan,Menominee,0,0,0
2118,Michigan,Ogemaw,0,0,0
1884,Michigan,Mecosta,0,0,0
2142,Michigan,Ontonagon,0,0,0
1327,Michigan,Huron,0,0,0
1355,Michigan,Isabella,2,0,0
1636,Michigan,Leelanau,1,0,0
2343,Michigan,Presque Isle,0,0,0
467,Michigan,Cheboygan,0,0,0
764,Michigan,Delta,0,0,0
260,Michigan,Branch,0,0,0
3018,Michigan,Wayne,876,0,13
52,Michigan,Alpena,0,0,0
661,Michigan,Crawford,0,0,0
517,Michigan,Clare,1,0,0
189,Michigan,Benzie,0,0,0
842,Michigan,Eaton,3,0,0
1079,Michigan,Grand Traverse,3,0,0
139,Michigan,Barry,1,0,0
40,Michigan,Allegan,1,0,0
1030,Michigan,Genesee,34,0,0
129,Michigan,Baraga,0,0,0
495,Michigan,Chippewa,1,0,0
81,Michigan,Arenac,0,0,0
420,Michigan,Cass,0,0,0
1097,Michigan,Gratiot,0,0,0
878,Michigan,Emmet,2,0,0
197,Michigan,Berrien,8,0,0
2907,Michigan,Van Buren,0,0,0
3007,Michigan,Washtenaw,50,0,3
2846,Michigan,Tuscola,1,0,0
72,Michigan,Antrim,0,0,0
38,Michigan,Alger,0,0,0
452,Michigan,Charlevoix,3,0,0
3052,Michigan,Wexford,1,0,0
573,Michigan,Clinton,5,0,0
151,Michigan,Bay,2,0,0
1056,Michigan,Gogebic,0,0,0
782,Michigan,Dickinson,0,0,0
353,Michigan,Calhoun,4,0,0
1274,Michigan,Hillsdale,1,0,0
1049,Michigan,Gladwin,2,0,0
30,Michigan,Alcona,0,0,0
1522,Minnesota,Kittson,0,0,0
1376,Minnesota,Jackson,1,0,0
677,Minnesota,Crow Wing,0,0,0
3106,Minnesota,Winona,0,0,0
3131,Minnesota,Wright,3,0,0
2135,Minnesota,Olmsted,18,0,0
2810,Minnesota,Todd,0,0,0
421,Minnesota,Cass,1,0,0
2931,Minnesota,Wadena,0,0,0
1575,Minnesota,Lake of the Woods,0,0,0
2614,Minnesota,Sibley,0,0,0
910,Minnesota,Faribault,0,0,0
173,Minnesota,Beltrami,0,0,0
2560,Minnesota,Scott,5,0,0
928,Minnesota,Fillmore,3,0,0
2823,Minnesota,Traverse,0,0,0
2028,Minnesota,Mower,6,0,0
2032,Minnesota,Murray,0,0,0
1743,Minnesota,Lyon,0,0,0
1537,Minnesota,Koochiching,0,0,0
2082,Minnesota,Nicollet,3,0,0
2382,Minnesota,Ramsey,26,0,1
390,Minnesota,Carlton,0,0,0
985,Minnesota,Freeborn,0,0,0
287,Minnesota,Brown,0,0,0
2087,Minnesota,Nobles,0,0,0
2093,Minnesota,Norman,0,0,0
2020,Minnesota,Morrison,0,0,0
1552,Minnesota,Lac qui Parle,0,0,0
3009,Minnesota,Watonwan,0,0,0
2225,Minnesota,Pennington,0,0,0
2174,Minnesota,Otter Tail,0,0,0
2753,Minnesota,Swift,0,0,0
2451,Minnesota,Rock,0,0,0
163,Minnesota,Becker,0,0,0
414,Minnesota,Carver,8,0,0
2602,Minnesota,Sherburne,1,0,0
1568,Minnesota,Lake,0,0,0
1360,Minnesota,Itasca,0,0,0
2305,Minnesota,Polk,0,0,0
547,Minnesota,Clay,3,0,0
1469,Minnesota,Kandiyohi,0,0,0
223,Minnesota,Blue Earth,5,0,0
2971,Minnesota,Waseca,1,0,0
561,Minnesota,Clearwater,0,0,0
2694,Minnesota,Steele,5,0,0
1312,Minnesota,Hubbard,0,0,0
810,Minnesota,Douglas,0,0,0
1467,Minnesota,Kanabec,0,0,0
2318,Minnesota,Pope,0,0,0
1828,Minnesota,Martin,8,0,0
794,Minnesota,Dodge,3,0,0
22,Minnesota,Aitkin,0,0,0
2406,Minnesota,Redwood,0,0,0
1301,Minnesota,Houston,0,0,0
2693,Minnesota,Stearns,5,0,0
1819,Minnesota,Marshall,0,0,0
2411,Minnesota,Renville,1,0,0
1062,Minnesota,Goodhue,0,0,0
629,Minnesota,Cook,0,0,0
3080,Minnesota,Wilkin,0,0,0
643,Minnesota,Cottonwood,0,0,0
2470,Minnesota,Roseau,0,0,0
3150,Minnesota,Yellow Medicine,0,0,0
2402,Minnesota,Red Lake,0,0,0
1871,Minnesota,McLeod,0,0,0
206,Minnesota,Big Stone,1,0,0
1924,Minnesota,Mille Lacs,0,0,0
704,Minnesota,Dakota,21,0,0
1356,Minnesota,Isanti,0,0,0
183,Minnesota,Benton,1,0,0
1672,Minnesota,Lincoln,0,0,0
2671,Minnesota,St. Louis,2,0,0
1777,Minnesota,Mahnomen,0,0,0
1086,Minnesota,Grant,0,0,0
496,Minnesota,Chippewa,0,0,0
2988,Minnesota,Washington,10,0,0
498,Minnesota,Chisago,2,0,0
2417,Minnesota,Rice,2,0,0
1246,Minnesota,Hennepin,103,0,0
2704,Minnesota,Stevens,0,0,0
69,Minnesota,Anoka,7,0,0
2279,Minnesota,Pine,0,0,0
1619,Minnesota,Le Sueur,5,0,0
1887,Minnesota,Meeker,0,0,0
2281,Minnesota,Pipestone,0,0,0
2929,Minnesota,Wabasha,1,0,0
1481,Mississippi,Kemper,0,0,0
745,Mississippi,DeSoto,29,0,0
2619,Mississippi,Simpson,1,0,0
2057,Mississippi,Neshoba,0,0,0
2630,Mississippi,Smith,1,0,0
2105,Mississippi,Noxubee,1,0,0
2075,Mississippi,Newton,1,0,0
1034,Mississippi,George,1,0,0
3037,Mississippi,Webster,2,0,0
1621,Mississippi,Leake,2,0,0
514,Mississippi,Claiborne,0,0,0
535,Mississippi,Clarke,0,0,0
1631,Mississippi,Lee,12,0,0
548,Mississippi,Clay,1,0,0
1637,Mississippi,Leflore,10,0,0
501,Mississippi,Choctaw,1,0,0
645,Mississippi,Covington,0,0,0
579,Mississippi,Coahoma,11,0,0
1820,Mississippi,Marshall,3,0,0
2959,Mississippi,Warren,0,0,0
1801,Mississippi,Marion,1,0,0
2945,Mississippi,Walthall,2,0,0
635,Mississippi,Copiah,5,0,0
2883,Mississippi,Union,1,0,0
1612,Mississippi,Lawrence,2,0,0
491,Mississippi,Chickasaw,6,0,0
2989,Mississippi,Washington,5,0,0
1765,Mississippi,Madison,14,0,0
354,Mississippi,Calhoun,0,0,0
2807,Mississippi,Tishomingo,0,0,0
3019,Mississippi,Wayne,0,0,0
400,Mississippi,Carroll,0,0,0
969,Mississippi,Franklin,3,0,0
1987,Mississippi,Montgomery,2,0,0
950,Mississippi,Forrest,14,0,0
1558,Mississippi,Lafayette,8,0,0
1966,Mississippi,Monroe,3,0,0
2840,Mississippi,Tunica,3,0,0
1578,Mississippi,Lamar,2,0,0
2586,Mississippi,Sharkey,0,0,0
2561,Mississippi,Scott,2,0,0
1601,Mississippi,Lauderdale,0,0,0
2803,Mississippi,Tippah,11,0,0
2131,Mississippi,Oktibbeha,5,0,0
1673,Mississippi,Lincoln,4,0,0
1377,Mississippi,Jackson,10,0,0
1321,Mississippi,Humphreys,1,0,0
1117,Mississippi,Greene,0,0,0
57,Mississippi,Amite,0,0,0
3148,Mississippi,Yazoo,3,0,0
2393,Mississippi,Rankin,13,0,0
3142,Mississippi,Yalobusha,0,0,0
184,Mississippi,Benton,0,0,0
1412,Mississippi,Jefferson,0,0,0
3108,Mississippi,Winston,2,0,0
2760,Mississippi,Tallahatchie,2,0,0
2273,Mississippi,Pike,7,0,0
1427,Mississippi,Jefferson Davis,0,0,0
2197,Mississippi,Panola,2,0,0
1216,Mississippi,Harrison,24,0,0
1359,Mississippi,Issaquena,0,0,0
1361,Mississippi,Itawamba,3,0,0
2217,Mississippi,Pearl River,13,0,0
103,Mississippi,Attala,3,0,0
1393,Mississippi,Jasper,0,0,0
2375,Mississippi,Quitman,0,0,0
2238,Mississippi,Perry,1,0,0
2740,Mississippi,Sunflower,3,0,0
2341,Mississippi,Prentiss,0,0,0
1182,Mississippi,Hancock,5,0,1
1134,Mississippi,Grenada,2,0,0
2767,Mississippi,Tate,1,0,0
2712,Mississippi,Stone,0,0,0
1283,Mississippi,Holmes,6,0,0
1275,Mississippi,Hinds,31,0,0
3082,Mississippi,Wilkinson,4,0,0
225,Mississippi,Bolivar,4,0,0
1727,Mississippi,Lowndes,6,0,0
1454,Mississippi,Jones,1,0,0
31,Mississippi,Alcorn,0,0,0
2314,Mississippi,Pontotoc,2,0,0
13,Mississippi,Adams,2,0,0
2585,Missouri,Shannon,0,0,0
1927,Missouri,Miller,0,0,0
3132,Missouri,Wright,0,0,0
1285,Missouri,Holt,0,0,0
2366,Missouri,Putnam,0,0,0
98,Missouri,Atchison,0,0,0
1941,Missouri,Mississippi,0,0,0
447,Missouri,Chariton,0,0,0
438,Missouri,Cedar,0,0,0
1952,Missouri,Moniteau,1,0,0
2562,Missouri,Scott,1,0,0
725,Missouri,Daviess,0,0,0
104,Missouri,Audrain,0,0,0
2919,Missouri,Vernon,0,0,0
2249,Missouri,Phelps,0,0,0
422,Missouri,Cass,6,0,0
2248,Missouri,Pettis,0,0,0
2724,Missouri,Sullivan,0,0,0
2597,Missouri,Shelby,0,0,0
631,Missouri,Cooper,0,0,0
2239,Missouri,Perry,2,0,0
1967,Missouri,Monroe,0,0,0
6,Missouri,Adair,1,0,0
1789,Missouri,Maries,0,0,0
3128,Missouri,Worth,0,0,0
2692,Missouri,Ste. Genevieve,0,0,0
1700,Missouri,Livingston,0,0,0
1217,Missouri,Harrison,0,0,0
2990,Missouri,Washington,0,0,0
1854,Missouri,McDonald,0,0,0
2552,Missouri,Scotland,0,0,0
2306,Missouri,Polk,0,0,0
827,Missouri,Dunklin,1,0,0
2500,Missouri,Saline,0,0,0
549,Missouri,Clay,4,0,0
811,Missouri,Douglas,0,0,0
1264,Missouri,Hickory,0,0,0
1311,Missouri,Howell,0,0,0
574,Missouri,Clinton,1,0,0
526,Missouri,Clark,0,0,0
64,Missouri,Andrew,0,0,0
2359,Missouri,Pulaski,4,0,0
1254,Missouri,Henry,1,0,0
507,Missouri,Christian,1,0,0
2290,Missouri,Platte,2,0,0
711,Missouri,Dallas,0,0,0
1649,Missouri,Lewis,0,0,0
2709,Missouri,Stoddard,0,0,0
1674,Missouri,Lincoln,0,0,0
2960,Missouri,Warren,0,0,0
1350,Missouri,Iron,0,0,0
1900,Missouri,Mercer,0,0,0
593,Missouri,Cole,5,0,0
2274,Missouri,Pike,0,0,0
1802,Missouri,Marion,0,0,0
662,Missouri,Crawford,0,0,0
2866,Missouri,Unassigned,8,0,0
2673,Missouri,St. Louis City,37,0,1
1613,Missouri,Lawrence,0,0,0
2713,Missouri,Stone,0,0,0
1378,Missouri,Jackson,15,0,1
1308,Missouri,Howard,0,0,0
2672,Missouri,St. Louis,100,0,1
1559,Missouri,Lafayette,1,0,0
236,Missouri,Boone,20,0,1
326,Missouri,Butler,0,0,0
1531,Missouri,Knox,0,0,0
1766,Missouri,Madison,0,0,0
146,Missouri,Bates,1,0,0
2763,Missouri,Taney,1,0,0
1139,Missouri,Grundy,0,0,0
366,Missouri,Camden,1,0,0
2152,Missouri,Oregon,0,0,0
359,Missouri,Callaway,2,0,0
2157,Missouri,Osage,0,0,0
2438,Missouri,Ripley,0,0,0
1413,Missouri,Jefferson,4,0,0
3038,Missouri,Webster,0,0,0
2659,Missouri,St. Clair,0,0,0
1033,Missouri,Gentry,0,0,0
2390,Missouri,Randolph,1,0,0
2188,Missouri,Ozark,0,0,0
1690,Missouri,Linn,0,0,0
702,Missouri,Dade,0,0,0
185,Missouri,Benton,0,0,0
2548,Missouri,Schuyler,0,0,0
2655,Missouri,St. Charles,11,0,1
2066,Missouri,New Madrid,0,0,0
2076,Missouri,Newton,0,0,0
1118,Missouri,Greene,19,0,3
1024,Missouri,Gasconade,0,0,0
299,Missouri,Buchanan,0,0,0
343,Missouri,Caldwell,0,0,0
2011,Missouri,Morgan,0,0,0
2088,Missouri,Nodaway,0,0,0
1473,Missouri,Kansas City,21,0,0
2789,Missouri,Texas,0,0,0
409,Missouri,Carter,0,0,0
1554,Missouri,Laclede,0,0,0
401,Missouri,Carroll,0,0,0
1750,Missouri,Macon,0,0,0
2662,Missouri,St. Francois,2,0,0
1988,Missouri,Montgomery,0,0,0
140,Missouri,Barry,0,0,0
2399,Missouri,Ray,0,0,0
970,Missouri,Franklin,1,0,0
143,Missouri,Barton,0,0,0
2220,Missouri,Pemiscot,1,0,0
742,Missouri,DeKalb,0,0,0
382,Missouri,Cape Girardeau,0,0,0
226,Missouri,Bollinger,0,0,0
1445,Missouri,Johnson,1,0,0
767,Missouri,Dent,0,0,0
1394,Missouri,Jasper,1,0,0
2414,Missouri,Reynolds,0,0,0
3020,Missouri,Wayne,0,0,0
2381,Missouri,Ralls,0,0,0
1460,Montana,Judith Basin,0,0,0
754,Montana,Deer Lodge,0,0,0
1659,Montana,Liberty,0,0,0
2787,Montana,Teton,0,0,0
2422,Montana,Richland,0,0,0
2903,Montana,Valley,0,0,0
204,Montana,Big Horn,0,0,0
1675,Montana,Lincoln,0,0,0
2313,Montana,Pondera,0,0,0
1057,Montana,Golden Valley,0,0,0
696,Montana,Custer,0,0,0
1847,Montana,McCone,0,0,0
2338,Montana,Prairie,0,0,0
1270,Montana,Hill,0,0,0
2333,Montana,Powell,0,0,0
2331,Montana,Powder River,0,0,0
2523,Montana,Sanders,0,0,0
3071,Montana,Wibaux,0,0,0
275,Montana,Broadwater,1,0,0
1047,Montana,Glacier,0,0,0
213,Montana,Blaine,0,0,0
1080,Montana,Granite,0,0,0
1654,Montana,Lewis and Clark,3,0,0
731,Montana,Dawson,0,0,0
3055,Montana,Wheatland,0,0,0
2604,Montana,Sheridan,0,0,0
1942,Montana,Missoula,6,0,0
2816,Montana,Toole,0,0,0
2255,Montana,Phillips,0,0,0
2467,Montana,Roosevelt,1,0,0
905,Montana,Fallon,0,0,0
384,Montana,Carbon,0,0,0
1767,Montana,Madison,1,0,0
2247,Montana,Petroleum,0,0,0
1569,Montana,Lake,0,0,0
926,Montana,Fergus,0,0,0
415,Montana,Cascade,3,0,0
933,Montana,Flathead,4,0,0
2825,Montana,Treasure,0,0,0
410,Montana,Carter,0,0,0
2471,Montana,Rosebud,0,0,0
1933,Montana,Mineral,0,0,0
162,Montana,Beaverhead,0,0,0
2751,Montana,Sweet Grass,0,0,0
2397,Montana,Ravalli,1,0,0
714,Montana,Daniels,0,0,0
1014,Montana,Garfield,0,0,0
1881,Montana,Meagher,0,0,0
2708,Montana,Stillwater,0,0,0
503,Montana,Chouteau,0,0,0
3151,Montana,Yellowstone,8,0,0
1009,Montana,Gallatin,19,0,0
2039,Montana,Musselshell,0,0,0
2200,Montana,Park,0,0,0
1414,Montana,Jefferson,1,0,0
2617,Montana,Silver Bow,3,0,0
697,Nebraska,Custer,0,0,0
2540,Nebraska,Saunders,1,0,0
2538,Nebraska,Sarpy,8,0,0
705,Nebraska,Dakota,0,0,0
1768,Nebraska,Madison,1,0,0
690,Nebraska,Cuming,0,0,0
596,Nebraska,Colfax,0,0,0
2501,Nebraska,Saline,0,0,0
253,Nebraska,Boyd,0,0,0
250,Nebraska,Box Butte,0,0,0
237,Nebraska,Boone,0,0,0
2405,Nebraska,Red Willow,0,0,0
214,Nebraska,Blaine,0,0,0
2167,Nebraska,Otoe,0,0,0
2212,Nebraska,Pawnee,0,0,0
2230,Nebraska,Perkins,0,0,0
127,Nebraska,Banner,0,0,0
2250,Nebraska,Phelps,0,0,0
2263,Nebraska,Pierce,0,0,0
87,Nebraska,Arthur,0,0,0
71,Nebraska,Antelope,0,0,0
2291,Nebraska,Platte,0,0,0
2307,Nebraska,Polk,0,0,0
3155,Nebraska,York,0,0,0
14,Nebraska,Adams,1,0,0
2419,Nebraska,Richardson,0,0,0
2106,Nebraska,Nuckolls,0,0,0
288,Nebraska,Brown,0,0,0
3057,Nebraska,Wheeler,0,0,0
550,Nebraska,Clay,0,0,0
1876,Nebraska,McPherson,0,0,0
489,Nebraska,Cheyenne,0,0,0
1907,Nebraska,Merrick,0,0,0
479,Nebraska,Cherry,0,0,0
2991,Nebraska,Washington,3,0,0
458,Nebraska,Chase,0,0,0
439,Nebraska,Cedar,0,0,0
1290,Nebraska,Hooker,0,0,0
423,Nebraska,Cass,2,0,0
2452,Nebraska,Rock,0,0,0
2016,Nebraska,Morrill,0,0,0
2041,Nebraska,Nance,0,0,0
3039,Nebraska,Webster,0,0,0
2055,Nebraska,Nemaha,1,0,0
327,Nebraska,Butler,0,0,0
321,Nebraska,Burt,0,0,0
305,Nebraska,Buffalo,2,0,0
3021,Nebraska,Wayne,0,0,0
1722,Nebraska,Loup,0,0,0
1583,Nebraska,Lancaster,3,0,0
1015,Nebraska,Garfield,0,0,0
971,Nebraska,Franklin,0,0,0
2904,Nebraska,Valley,0,0,0
1232,Nebraska,Hayes,0,0,0
929,Nebraska,Fillmore,0,0,0
1066,Nebraska,Gosper,0,0,0
2685,Nebraska,Stanton,0,0,0
1415,Nebraska,Jefferson,0,0,0
2796,Nebraska,Thurston,0,0,0
1478,Nebraska,Kearney,0,0,0
2583,Nebraska,Seward,0,0,0
1165,Nebraska,Hamilton,0,0,0
2605,Nebraska,Sheridan,0,0,0
1676,Nebraska,Lincoln,3,0,0
1277,Nebraska,Hitchcock,0,0,0
1157,Nebraska,Hall,0,0,0
1309,Nebraska,Howard,0,0,0
2794,Nebraska,Thomas,0,0,0
1205,Nebraska,Harlan,0,0,0
2791,Nebraska,Thayer,0,0,0
2565,Nebraska,Scotts Bluff,0,0,0
791,Nebraska,Dixon,0,0,0
826,Nebraska,Dundy,0,0,0
795,Nebraska,Dodge,0,0,0
812,Nebraska,Douglas,43,0,0
773,Nebraska,Deuel,0,0,0
1532,Nebraska,Knox,2,0,0
1480,Nebraska,Keith,0,0,0
2621,Nebraska,Sioux,0,0,0
1503,Nebraska,Kimball,0,0,0
1004,Nebraska,Gage,1,0,0
1002,Nebraska,Furnas,0,0,0
993,Nebraska,Frontier,0,0,0
729,Nebraska,Dawes,0,0,0
1708,Nebraska,Logan,0,0,0
1501,Nebraska,Keya Paha,0,0,0
732,Nebraska,Dawson,0,0,0
1106,Nebraska,Greeley,0,0,0
2609,Nebraska,Sherman,0,0,0
1286,Nebraska,Holt,0,0,0
1087,Nebraska,Grant,0,0,0
1446,Nebraska,Johnson,0,0,0
1012,Nebraska,Garden,0,0,0
1677,Nevada,Lincoln,0,0,0
866,Nevada,Elko,0,0,0
867,Nevada,Elko County,2,0,0
508,Nevada,Churchill,0,0,0
2867,Nevada,Unassigned,51,0,0
2108,Nevada,Nye,1,0,0
527,Nevada,Clark,213,0,6
1320,Nevada,Humboldt,0,0,0
2243,Nevada,Pershing,0,0,0
813,Nevada,Douglas,2,0,0
3065,Nevada,White Pine,0,0,0
887,Nevada,Esmeralda,0,0,0
1744,Nevada,Lyon,0,0,0
3006,Nevada,Washoe,50,0,0
407,Nevada,Carson City,2,0,0
1934,Nevada,Mineral,0,0,0
895,Nevada,Eureka,0,0,0
1587,Nevada,Lander,0,0,0
2715,Nevada,Storey,0,0,0
1273,New Hampshire,Hillsborough,20,0,1
632,New Hampshire,Coos,0,0,0
481,New Hampshire,Cheshire,1,0,0
2717,New Hampshire,Strafford,5,0,0
169,New Hampshire,Belknap,7,0,0
2725,New Hampshire,Sullivan,1,0,0
1070,New Hampshire,Grafton,21,0,0
1908,New Hampshire,Merrimack,4,0,0
402,New Hampshire,Carroll,7,0,0
2458,New Hampshire,Rockingham,42,0,0
2207,New Jersey,Passaic,216,0,0
685,New Jersey,Cumberland,2,0,0
2495,New Jersey,Salem,1,0,0
1313,New Jersey,Hudson,234,0,1
1324,New Jersey,Hunterdon,25,0,0
101,New Jersey,Atlantic,6,0,0
2640,New Jersey,Somerset,102,0,1
2884,New Jersey,Union,246,0,0
383,New Jersey,Cape May,3,0,0
318,New Jersey,Burlington,42,0,0
2961,New Jersey,Warren,15,0,0
2868,New Jersey,Unassigned,645,0,26
1053,New Jersey,Gloucester,19,0,0
2018,New Jersey,Morris,204,0,1
889,New Jersey,Essex,342,0,4
367,New Jersey,Camden,51,0,1
1917,New Jersey,Middlesex,277,0,0
2745,New Jersey,Sussex,18,0,0
1953,New Jersey,Monmouth,288,0,3
1901,New Jersey,Mercer,58,0,0
190,New Jersey,Bergen,701,0,6
2112,New Jersey,Ocean,180,0,1
2371,New Mexico,Quay,0,0,0
2513,New Mexico,San Juan,7,0,0
2003,New Mexico,Mora,0,0,0
818,New Mexico,Doa Ana,0,0,0
2818,New Mexico,Torrance,0,0,0
798,New Mexico,Dona Ana,13,0,0
465,New Mexico,Chaves,4,0,0
2468,New Mexico,Roosevelt,0,0,0
432,New Mexico,Catron,0,0,0
2636,New Mexico,Socorro,2,0,0
1620,New Mexico,Lea,1,0,0
2434,New Mexico,Rio Arriba,0,0,0
1866,New Mexico,McKinley,3,0,0
1200,New Mexico,Harding,0,0,0
1141,New Mexico,Guadalupe,0,0,0
846,New Mexico,Eddy,0,0,0
509,New Mexico,Cibola,1,0,0
2765,New Mexico,Taos,3,0,0
2616,New Mexico,Sierra,0,0,0
1265,New Mexico,Hidalgo,0,0,0
195,New Mexico,Bernalillo,43,0,0
1088,New Mexico,Grant,0,0,0
1678,New Mexico,Lincoln,0,0,0
2885,New Mexico,Union,0,0,0
2533,New Mexico,Santa Fe,14,0,0
2519,New Mexico,San Miguel,1,0,0
2901,New Mexico,Valencia,0,0,0
1716,New Mexico,Los Alamos,0,0,0
692,New Mexico,Curry,1,0,0
735,New Mexico,De Baca,0,0,0
2524,New Mexico,Sandoval,7,0,0
1733,New Mexico,Luna,0,0,0
597,New Mexico,Colfax,0,0,0
2166,New Mexico,Otero,0,0,0
1650,New York,Lewis,0,0,0
27,New York,Albany,146,0,0
3146,New York,Yates,0,0,0
276,New York,Bronx,0,0,0
2461,New York,Rockland,671,0,5
637,New York,Cortland,3,0,0
972,New York,Franklin,0,0,0
2169,New York,Otsego,1,0,0
433,New York,Cattaraugus,0,0,0
2367,New York,Putnam,82,0,0
3022,New York,Wayne,6,0,0
2137,New York,Oneida,10,0,0
470,New York,Chenango,3,0,0
469,New York,Chemung,3,0,0
1701,New York,Livingston,3,0,0
435,New York,Cayuga,2,0,0
2854,New York,Ulster,35,0,0
1416,New York,Jefferson,2,0,0
1968,New York,Monroe,117,0,3
1031,New York,Genesee,1,0,0
1769,New York,Madison,4,0,1
759,New York,Delaware,3,0,0
2702,New York,Steuben,8,0,0
2373,New York,Queens,0,0,0
2139,New York,Onondaga,60,0,1
890,New York,Essex,3,0,0
1166,New York,Hamilton,2,0,0
2536,New York,Saratoga,53,0,0
281,New York,Broome,9,0,1
464,New York,Chautauqua,2,0,0
2146,New York,Orange,498,0,0
882,New York,Erie,121,0,0
1989,New York,Montgomery,3,0,0
1258,New York,Herkimer,4,0,0
2992,New York,Washington,3,0,0
2141,New York,Ontario,6,0,0
2814,New York,Tompkins,18,0,0
3047,New York,Westchester,3891,0,1
42,New York,Allegany,2,0,0
2801,New York,Tioga,1,0,0
2726,New York,Sullivan,23,0,0
2428,New York,Richmond,0,0,0
3135,New York,Wyoming,4,0,1
2067,New York,New York City,15597,0,192
608,New York,Columbia,18,0,0
2542,New York,Schenectady,44,0,0
832,New York,Dutchess,124,0,1
2154,New York,Orleans,0,0,0
1513,New York,Kings,0,0,0
2410,New York,Rensselaer,33,0,0
2869,New York,Unassigned,0,0,39
2046,New York,Nassau,2869,0,9
575,New York,Clinton,6,0,0
999,New York,Fulton,1,0,0
2575,New York,Seneca,0,0,0
2549,New York,Schuyler,0,0,0
2670,New York,St. Lawrence,1,0,0
2721,New York,Suffolk,1880,0,17
2962,New York,Warren,2,0,0
2545,New York,Schoharie,1,0,0
1119,New York,Greene,4,0,0
2164,New York,Oswego,2,0,0
2079,New York,Niagara,10,0,0
716,North Carolina,Dare,1,0,0
2232,North Carolina,Perquimans,0,0,0
1026,North Carolina,Gates,0,0,0
334,North Carolina,Cabarrus,12,0,1
686,North Carolina,Cumberland,5,0,0
2062,North Carolina,New Hanover,9,0,0
2095,North Carolina,Northampton,1,0,0
720,North Carolina,Davidson,3,0,0
1234,North Carolina,Haywood,0,0,0
211,North Carolina,Bladen,0,0,0
3093,North Carolina,Wilson,6,0,0
314,North Carolina,Burke,2,0,0
2284,North Carolina,Pitt,6,0,0
311,North Carolina,Buncombe,12,0,0
2391,North Carolina,Randolph,3,0,0
1281,North Carolina,Hoke,2,0,0
428,North Carolina,Caswell,0,0,0
430,North Carolina,Catawba,4,0,0
2911,North Carolina,Vance,2,0,0
413,North Carolina,Carteret,5,0,0
1990,North Carolina,Montgomery,1,0,0
2822,North Carolina,Transylvania,1,0,0
3023,North Carolina,Wayne,2,0,0
2450,North Carolina,Robeson,2,0,0
2553,North Carolina,Scotland,1,0,0
368,North Carolina,Camden,0,0,0
2147,North Carolina,Orange,6,0,0
1207,North Carolina,Harnett,9,0,0
973,North Carolina,Franklin,4,0,0
722,North Carolina,Davie,1,0,0
2000,North Carolina,Moore,2,0,0
1347,North Carolina,Iredell,9,0,0
89,North Carolina,Ashe,0,0,0
3008,North Carolina,Watauga,3,0,0
1751,North Carolina,Macon,0,0,0
691,North Carolina,Currituck,0,0,0
2459,North Carolina,Rockingham,0,0,0
1120,North Carolina,Greene,0,0,0
294,North Carolina,Brunswick,10,0,0
1025,North Carolina,Gaston,4,0,0
2429,North Carolina,Richmond,0,0,0
1073,North Carolina,Graham,0,0,0
2044,North Carolina,Nash,4,0,0
952,North Carolina,Forsyth,16,0,0
344,North Carolina,Caldwell,1,0,0
2710,North Carolina,Stokes,0,0,0
3139,North Carolina,Yadkin,0,0,0
2741,North Carolina,Surry,0,0,0
1379,North Carolina,Jackson,1,0,0
1455,North Carolina,Jones,0,0,0
111,North Carolina,Avery,0,0,0
475,North Carolina,Cherokee,4,0,0
2206,North Carolina,Pasquotank,1,0,0
831,North Carolina,Durham,74,0,0
1450,North Carolina,Johnston,4,0,0
2504,North Carolina,Sampson,1,0,0
2196,North Carolina,Pamlico,0,0,0
654,North Carolina,Craven,3,0,0
2308,North Carolina,Polk,0,0,0
1260,North Carolina,Hertford,1,0,0
849,North Carolina,Edgecombe,0,0,0
1641,North Carolina,Lenoir,1,0,0
2993,North Carolina,Washington,0,0,0
551,North Carolina,Clay,0,0,0
1856,North Carolina,McDowell,2,0,0
2485,North Carolina,Rutherford,0,0,0
198,North Carolina,Bertie,3,0,0
504,North Carolina,Chowan,1,0,0
2683,North Carolina,Stanly,0,0,0
2851,North Carolina,Tyrrell,0,0,0
35,North Carolina,Alexander,0,0,0
1632,North Carolina,Lee,1,0,0
614,North Carolina,Columbus,0,0,0
1882,North Carolina,Mecklenburg,142,0,0
2886,North Carolina,Union,18,0,0
830,North Carolina,Duplin,1,0,0
2244,North Carolina,Person,1,0,0
2963,North Carolina,Warren,0,0,0
24,North Carolina,Alamance,3,0,0
2475,North Carolina,Rowan,6,0,0
3079,North Carolina,Wilkes,0,0,0
2750,North Carolina,Swain,0,0,0
1154,North Carolina,Halifax,0,0,0
1829,North Carolina,Martin,0,0,0
70,North Carolina,Anson,0,0,0
156,North Carolina,Beaufort,2,0,0
1241,North Carolina,Henderson,2,0,0
2222,North Carolina,Pender,0,0,0
566,North Carolina,Cleveland,0,0,0
1946,North Carolina,Mitchell,0,0,0
3144,North Carolina,Yancey,0,0,0
1331,North Carolina,Hyde,1,0,0
43,North Carolina,Alleghany,0,0,0
1770,North Carolina,Madison,0,0,0
1679,North Carolina,Lincoln,1,0,0
1144,North Carolina,Guilford,22,0,0
1096,North Carolina,Granville,1,0,0
2934,North Carolina,Wake,73,0,0
2140,North Carolina,Onslow,3,0,0
460,North Carolina,Chatham,6,0,0
316,North Dakota,Burleigh,18,0,0
1869,North Dakota,McLean,0,0,0
2412,North Dakota,Renville,0,0,0
1865,North Dakota,McKenzie,0,0,0
1862,North Dakota,McIntosh,0,0,0
249,North Dakota,Bowman,0,0,0
2622,North Dakota,Sioux,0,0,0
2052,North Dakota,Nelson,0,0,0
1502,North Dakota,Kidder,0,0,0
243,North Dakota,Bottineau,0,0,0
3043,North Dakota,Wells,0,0,0
1860,North Dakota,McHenry,0,0,0
2383,North Dakota,Ramsey,1,0,0
1077,North Dakota,Grand Forks,0,0,0
2264,North Dakota,Pierce,2,0,0
315,North Dakota,Burke,0,0,0
2695,North Dakota,Steele,0,0,0
789,North Dakota,Divide,0,0,0
133,North Dakota,Barnes,0,0,0
2394,North Dakota,Ransom,0,0,0
828,North Dakota,Dunn,1,0,0
434,North Dakota,Cavalier,0,0,0
2606,North Dakota,Sheridan,0,0,0
2718,North Dakota,Stutsman,0,0,0
879,North Dakota,Emmons,0,0,0
2219,North Dakota,Pembina,0,0,0
954,North Dakota,Foster,0,0,0
2821,North Dakota,Traill,0,0,0
3085,North Dakota,Williams,0,0,0
15,North Dakota,Adams,0,0,0
178,North Dakota,Benson,0,0,0
2537,North Dakota,Sargent,0,0,0
1089,North Dakota,Grant,0,0,0
2465,North Dakota,Rolette,0,0,0
2628,North Dakota,Slope,0,0,0
2423,North Dakota,Richland,0,0,0
424,North Dakota,Cass,3,0,0
207,North Dakota,Billings,0,0,0
1902,North Dakota,Mercer,0,0,0
847,North Dakota,Eddy,0,0,0
1547,North Dakota,LaMoure,0,0,0
2944,North Dakota,Walsh,1,0,0
2027,North Dakota,Mountrail,0,0,0
1709,North Dakota,Logan,0,0,0
2024,North Dakota,Morton,8,0,0
1058,North Dakota,Golden Valley,0,0,0
2687,North Dakota,Stark,0,0,0
2951,North Dakota,Ward,3,0,0
2134,North Dakota,Oliver,0,0,0
1261,North Dakota,Hettinger,0,0,0
1135,North Dakota,Griggs,0,0,0
2819,North Dakota,Towner,0,0,0
779,North Dakota,Dickey,0,0,0
106,Ohio,Auglaize,0,0,0
2424,Ohio,Richland,4,0,0
2368,Ohio,Putnam,0,0,0
2172,Ohio,Ottawa,0,0,0
2257,Ohio,Pickaway,0,0,0
1197,Ohio,Hardin,0,0,0
289,Ohio,Brown,0,0,0
1028,Ohio,Geauga,5,0,0
99,Ohio,Athens,0,0,0
2085,Ohio,Noble,0,0,0
3086,Ohio,Williams,0,0,0
2551,Ohio,Scioto,0,0,0
3133,Ohio,Wyandot,0,0,0
2320,Ohio,Portage,4,0,0
2887,Ohio,Union,2,0,0
1803,Ohio,Marion,4,0,0
613,Ohio,Columbiana,3,0,0
2525,Ohio,Sandusky,1,0,0
1661,Ohio,Licking,2,0,0
2964,Ohio,Warren,7,0,0
639,Ohio,Coshocton,3,0,0
2210,Ohio,Paulding,0,0,0
564,Ohio,Clermont,5,0,0
1267,Ohio,Highland,1,0,0
3113,Ohio,Wood,2,0,0
1143,Ohio,Guernsey,0,0,0
528,Ohio,Clark,2,0,0
50,Ohio,Allen,0,0,0
328,Ohio,Butler,18,0,0
576,Ohio,Clinton,1,0,0
1888,Ohio,Meigs,0,0,0
663,Ohio,Crawford,1,0,0
1278,Ohio,Hocking,0,0,0
2340,Ohio,Preble,0,0,0
1715,Ohio,Lorain,30,0,0
2688,Ohio,Stark,13,0,1
717,Ohio,Darke,1,0,0
1730,Ohio,Lucas,13,0,1
1710,Ohio,Logan,2,0,0
1380,Ohio,Jackson,0,0,0
1778,Ohio,Mahoning,28,0,0
700,Ohio,Cuyahoga,167,0,2
1284,Ohio,Holmes,0,0,0
755,Ohio,Defiance,2,0,0
2924,Ohio,Vinton,0,0,0
16,Ohio,Adams,0,0,0
760,Ohio,Delaware,11,0,0
1167,Ohio,Hamilton,38,0,0
1771,Ohio,Madison,1,0,0
2909,Ohio,Van Wert,0,0,0
2576,Ohio,Seneca,1,0,0
1885,Ohio,Medina,15,0,0
2836,Ohio,Trumbull,4,0,0
2598,Ohio,Shelby,0,0,0
403,Ohio,Carroll,3,0,0
1991,Ohio,Montgomery,10,0,0
974,Ohio,Franklin,75,0,2
2732,Ohio,Summit,36,0,0
2275,Ohio,Pike,0,0,0
2012,Ohio,Morgan,0,0,0
1533,Ohio,Knox,1,0,0
3024,Ohio,Wayne,0,0,0
2021,Ohio,Morrow,0,0,0
1218,Ohio,Harrison,0,0,0
90,Ohio,Ashland,1,0,0
2037,Ohio,Muskingum,0,0,0
1000,Ohio,Fulton,0,0,0
93,Ohio,Ashtabula,3,0,0
1010,Ohio,Gallia,1,0,1
2240,Ohio,Perry,0,0,0
1417,Ohio,Jefferson,0,0,0
1969,Ohio,Monroe,0,0,0
1121,Ohio,Greene,3,0,0
1183,Ohio,Hancock,1,0,0
1255,Ohio,Henry,0,0,0
2994,Ohio,Washington,1,0,0
1570,Ohio,Lake,11,0,0
2472,Ohio,Ross,0,0,0
172,Ohio,Belmont,2,0,0
446,Ohio,Champaign,1,0,0
883,Ohio,Erie,1,0,1
1913,Ohio,Miami,19,0,0
1328,Ohio,Huron,2,0,0
2845,Ohio,Tuscarawas,3,0,0
1903,Ohio,Mercer,0,0,0
920,Ohio,Fayette,0,0,0
1614,Ohio,Lawrence,0,0,0
902,Ohio,Fairfield,2,0,0
3123,Oklahoma,Woodward,0,0,0
2215,Oklahoma,Payne,3,0,0
2173,Oklahoma,Ottawa,0,0,0
2213,Oklahoma,Pawnee,4,0,1
1418,Oklahoma,Jefferson,0,0,0
1090,Oklahoma,Grant,0,0,0
3121,Oklahoma,Woods,0,0,0
1131,Oklahoma,Greer,0,0,0
159,Oklahoma,Beaver,0,0,0
164,Oklahoma,Beckham,0,0,0
2463,Oklahoma,Roger Mills,0,0,0
215,Oklahoma,Blaine,0,0,0
2578,Oklahoma,Sequoyah,0,0,0
502,Oklahoma,Choctaw,0,0,0
1618,Oklahoma,Le Flore,0,0,0
510,Oklahoma,Cimarron,0,0,0
2697,Oklahoma,Stephens,0,0,0
1863,Oklahoma,McIntosh,0,0,0
2574,Oklahoma,Seminole,0,0,0
1853,Oklahoma,McCurtain,0,0,0
1846,Oklahoma,McClain,1,0,0
1845,Oklahoma,Mayes,1,0,0
567,Oklahoma,Cleveland,22,0,1
37,Oklahoma,Alfalfa,0,0,0
580,Oklahoma,Coal,0,0,0
1316,Oklahoma,Hughes,0,0,0
870,Oklahoma,Ellis,0,0,0
1821,Oklahoma,Marshall,0,0,0
618,Oklahoma,Comanche,0,0,0
775,Oklahoma,Dewey,0,0,0
642,Oklahoma,Cotton,0,0,0
650,Oklahoma,Craig,0,0,0
1779,Oklahoma,Major,0,0,0
1680,Oklahoma,Lincoln,0,0,0
2326,Oklahoma,Pottawatomie,0,0,0
761,Oklahoma,Delaware,0,0,0
666,Oklahoma,Creek,0,0,0
2932,Oklahoma,Wagoner,0,0,0
698,Oklahoma,Custer,2,0,0
7,Oklahoma,Adair,0,0,0
1711,Oklahoma,Logan,1,0,0
1723,Oklahoma,Love,0,0,0
2315,Oklahoma,Pontotoc,1,0,0
2158,Oklahoma,Osage,0,0,0
476,Oklahoma,Cherokee,0,0,0
2995,Oklahoma,Washington,2,0,0
2800,Oklahoma,Tillman,0,0,0
1022,Oklahoma,Garvin,2,0,0
297,Oklahoma,Bryan,0,0,0
2086,Oklahoma,Noble,2,0,0
1206,Oklahoma,Harmon,0,0,0
2104,Oklahoma,Nowata,0,0,0
1016,Oklahoma,Garfield,0,0,0
1477,Oklahoma,Kay,5,0,0
2790,Oklahoma,Texas,0,0,0
2128,Oklahoma,Okfuskee,0,0,0
2129,Oklahoma,Oklahoma,41,0,0
2130,Oklahoma,Okmulgee,0,0,0
1451,Oklahoma,Johnston,0,0,0
1069,Oklahoma,Grady,1,0,0
102,Oklahoma,Atoka,0,0,0
1599,Oklahoma,Latimer,0,0,0
1210,Oklahoma,Harper,0,0,0
1381,Oklahoma,Jackson,1,0,0
338,Oklahoma,Caddo,0,0,0
1518,Oklahoma,Kiowa,0,0,0
2038,Oklahoma,Muskogee,1,0,0
2033,Oklahoma,Murray,0,0,0
2361,Oklahoma,Pushmataha,0,0,0
378,Oklahoma,Canadian,4,0,0
1228,Oklahoma,Haskell,0,0,0
1510,Oklahoma,Kingfisher,0,0,0
411,Oklahoma,Carter,0,0,0
2464,Oklahoma,Rogers,0,0,0
2839,Oklahoma,Tulsa,12,0,1
2285,Oklahoma,Pittsburg,0,0,0
3005,Oklahoma,Washita,0,0,0
1208,Oregon,Harney,0,0,0
2309,Oregon,Polk,3,0,0
3143,Oregon,Yamhill,6,0,0
118,Oregon,Baker,0,0,0
2030,Oregon,Multnomah,25,0,2
1289,Oregon,Hood River,1,0,0
2943,Oregon,Wallowa,0,0,0
633,Oregon,Coos,0,0,0
3058,Oregon,Wheeler,0,0,0
2888,Oregon,Union,1,0,0
2799,Oregon,Tillamook,0,0,0
1589,Oregon,Lane,5,0,1
609,Oregon,Columbia,0,0,0
2610,Oregon,Sherman,0,0,0
2970,Oregon,Wasco,0,0,0
1523,Oregon,Klamath,1,0,0
814,Oregon,Douglas,3,0,0
537,Oregon,Clatsop,1,0,0
2022,Oregon,Morrow,0,0,0
512,Oregon,Clackamas,17,0,1
1571,Oregon,Lake,0,0,0
1382,Oregon,Jackson,3,0,0
2855,Oregon,Umatilla,2,0,0
1043,Oregon,Gilliam,0,0,0
771,Oregon,Deschutes,10,0,0
1804,Oregon,Marion,32,0,1
2996,Oregon,Washington,76,0,2
1681,Oregon,Lincoln,1,0,0
1458,Oregon,Josephine,1,0,0
1780,Oregon,Malheur,0,0,0
693,Oregon,Curry,0,0,0
186,Oregon,Benton,4,0,0
673,Oregon,Crook,0,0,0
1091,Oregon,Grant,1,0,0
1419,Oregon,Jefferson,0,0,0
1691,Oregon,Linn,21,0,1
1735,Pennsylvania,Luzerne,21,0,0
1623,Pennsylvania,Lebanon,3,0,0
1325,Pennsylvania,Huntingdon,0,0,0
1904,Pennsylvania,Mercer,2,0,0
864,Pennsylvania,Elk,0,0,0
482,Pennsylvania,Chester,40,0,0
719,Pennsylvania,Dauphin,4,0,0
1921,Pennsylvania,Mifflin,0,0,0
884,Pennsylvania,Erie,5,0,0
2913,Pennsylvania,Venango,0,0,0
2550,Pennsylvania,Schuylkill,5,0,0
1615,Pennsylvania,Lawrence,0,0,0
45,Pennsylvania,Allegheny,58,0,2
664,Pennsylvania,Crawford,0,0,0
1736,Pennsylvania,Lycoming,0,0,0
1864,Pennsylvania,McKean,0,0,0
687,Pennsylvania,Cumberland,13,0,0
559,Pennsylvania,Clearfield,1,0,0
577,Pennsylvania,Clinton,0,0,0
2965,Pennsylvania,Warren,0,0,0
610,Pennsylvania,Columbia,1,0,0
762,Pennsylvania,Delaware,84,0,0
17,Pennsylvania,Adams,6,0,0
2889,Pennsylvania,Union,0,0,0
2328,Pennsylvania,Potter,1,0,0
3156,Pennsylvania,York,18,0,0
519,Pennsylvania,Clarion,0,0,0
1638,Pennsylvania,Lehigh,27,0,1
440,Pennsylvania,Centre,7,0,0
1001,Pennsylvania,Fulton,0,0,0
2802,Pennsylvania,Tioga,0,0,0
165,Pennsylvania,Bedford,0,0,0
3048,Pennsylvania,Westmoreland,11,0,0
302,Pennsylvania,Bucks,69,0,0
2997,Pennsylvania,Washington,9,0,0
1122,Pennsylvania,Greene,0,0,0
2727,Pennsylvania,Sullivan,0,0,0
329,Pennsylvania,Butler,6,0,0
2096,Pennsylvania,Northampton,33,0,2
1420,Pennsylvania,Jefferson,0,0,0
2635,Pennsylvania,Snyder,0,0,0
2251,Pennsylvania,Philadelphia,342,0,0
257,Pennsylvania,Bradford,1,0,0
1463,Pennsylvania,Juniata,1,0,0
2241,Pennsylvania,Perry,0,0,0
2641,Pennsylvania,Somerset,1,0,0
2098,Pennsylvania,Northumberland,0,0,0
193,Pennsylvania,Berks,16,0,0
216,Pennsylvania,Blair,0,0,0
364,Pennsylvania,Cambria,1,0,0
1584,Pennsylvania,Lancaster,10,0,0
921,Pennsylvania,Fayette,2,0,0
1970,Pennsylvania,Monroe,45,0,1
1340,Pennsylvania,Indiana,0,0,0
948,Pennsylvania,Forest,0,0,0
1553,Pennsylvania,Lackawanna,15,0,1
1992,Pennsylvania,Montgomery,159,0,1
3025,Pennsylvania,Wayne,4,0,0
1997,Pennsylvania,Montour,3,0,0
2276,Pennsylvania,Pike,4,0,0
2743,Pennsylvania,Susquehanna,0,0,0
975,Pennsylvania,Franklin,3,0,0
370,Pennsylvania,Cameron,0,0,0
3136,Pennsylvania,Wyoming,0,0,0
84,Pennsylvania,Armstrong,1,0,0
160,Pennsylvania,Beaver,3,0,0
385,Pennsylvania,Carbon,1,0,0
2998,Rhode Island,Washington,9,0,0
1491,Rhode Island,Kent,7,0,0
2351,Rhode Island,Providence,52,0,0
272,Rhode Island,Bristol,24,0,0
2070,Rhode Island,Newport,9,0,0
2870,Rhode Island,Unassigned,23,0,0
2647,South Carolina,Spartanburg,4,0,0
3157,South Carolina,York,11,0,0
2890,South Carolina,Union,0,0,0
2425,South Carolina,Richland,45,0,0
2503,South Carolina,Saluda,1,0,0
3087,South Carolina,Williamsburg,0,0,0
2739,South Carolina,Sumter,8,0,0
0,South Carolina,Abbeville,1,0,0
1174,South Carolina,Hampton,0,0,0
451,South Carolina,Charleston,36,0,1
1130,South Carolina,Greenwood,2,0,0
477,South Carolina,Cherokee,0,0,0
1805,South Carolina,Marion,0,0,0
1035,South Carolina,Georgetown,2,0,0
1810,South Carolina,Marlboro,1,0,0
157,South Carolina,Beaufort,22,0,0
483,South Carolina,Chester,1,0,0
2260,South Carolina,Pickens,1,0,0
1395,South Carolina,Jasper,2,0,0
518,South Carolina,Clarendon,5,0,1
718,South Carolina,Darlington,8,0,0
1585,South Carolina,Lancaster,7,0,0
1849,South Carolina,McCormick,0,0,0
191,South Carolina,Berkeley,4,0,0
1497,South Carolina,Kershaw,58,0,1
2151,South Carolina,Orangeburg,8,0,0
1128,South Carolina,Greenville,39,0,0
485,South Carolina,Chesterfield,1,0,0
785,South Carolina,Dillon,1,0,0
135,South Carolina,Barnwell,0,0,0
2116,South Carolina,Oconee,2,0,0
935,South Carolina,Florence,5,0,2
1605,South Carolina,Laurens,0,0,0
21,South Carolina,Aiken,2,0,0
51,South Carolina,Allendale,0,0,0
61,South Carolina,Anderson,16,0,0
355,South Carolina,Calhoun,1,0,0
124,South Carolina,Bamberg,0,0,0
1295,South Carolina,Horry,19,0,1
1655,South Carolina,Lexington,19,0,1
1633,South Carolina,Lee,2,0,0
903,South Carolina,Fairfield,2,0,0
804,South Carolina,Dorchester,3,0,0
850,South Carolina,Edgefield,1,0,0
598,South Carolina,Colleton,1,0,0
2069,South Carolina,Newberry,1,0,0
374,South Dakota,Campbell,0,0,0
1149,South Dakota,Haakon,0,0,0
529,South Dakota,Clark,0,0,0
2445,South Dakota,Roberts,0,0,0
1170,South Dakota,Hamlin,0,0,0
1999,South Dakota,Moody,0,0,0
1456,South Dakota,Jones,0,0,0
552,South Dakota,Clay,0,0,0
1938,South Dakota,Minnehaha,5,0,0
1931,South Dakota,Miner,0,0,0
450,South Dakota,Charles Mix,1,0,0
586,South Dakota,Codington,1,0,0
1133,South Dakota,Gregory,0,0,0
1430,South Dakota,Jerauld,0,0,0
2650,South Dakota,Spink,0,0,0
3166,South Dakota,Ziebach,0,0,0
1890,South Dakota,Mellette,0,0,0
2843,South Dakota,Turner,0,0,0
1616,South Dakota,Lawrence,0,0,0
911,South Dakota,Faulk,0,0,0
904,South Dakota,Fall River,0,0,0
1572,South Dakota,Lake,0,0,0
1682,South Dakota,Lincoln,0,0,0
852,South Dakota,Edmunds,0,0,0
815,South Dakota,Douglas,0,0,0
2811,South Dakota,Todd,0,0,0
1737,South Dakota,Lyman,1,0,0
2891,South Dakota,Union,0,0,0
2948,South Dakota,Walworth,0,0,0
776,South Dakota,Dewey,0,0,0
1822,South Dakota,Marshall,0,0,0
2522,South Dakota,Sanborn,0,0,0
734,South Dakota,Day,0,0,0
1514,South Dakota,Kingsbury,0,0,0
728,South Dakota,Davison,2,0,0
699,South Dakota,Custer,0,0,0
332,South Dakota,Butte,0,0,0
1092,South Dakota,Grant,0,0,0
1877,South Dakota,McPherson,0,0,0
1880,South Dakota,Meade,0,0,0
636,South Dakota,Corson,0,0,0
774,South Dakota,Deuel,0,0,0
1848,South Dakota,McCook,2,0,0
2833,South Dakota,Tripp,0,0,0
306,South Dakota,Buffalo,0,0,0
2226,South Dakota,Pennington,1,0,1
278,South Dakota,Brookings,1,0,0
1329,South Dakota,Hutchinson,0,0,0
1383,South Dakota,Jackson,0,0,0
290,South Dakota,Brown,1,0,0
154,South Dakota,Beadle,13,0,0
227,South Dakota,Bon Homme,1,0,0
2231,South Dakota,Perkins,0,0,0
3145,South Dakota,Yankton,0,0,0
2119,South Dakota,Oglala Lakota,0,0,0
1201,South Dakota,Harding,0,0,0
1332,South Dakota,Hyde,0,0,0
2329,South Dakota,Potter,0,0,0
1189,South Dakota,Hanson,0,0,0
2729,South Dakota,Sully,0,0,0
176,South Dakota,Bennett,0,0,0
1317,South Dakota,Hughes,1,0,0
1186,South Dakota,Hand,0,0,0
293,South Dakota,Brule,0,0,0
108,South Dakota,Aurora,0,0,0
2682,South Dakota,Stanley,0,0,0
2806,Tennessee,Tipton,6,0,0
1235,Tennessee,Haywood,0,0,0
1806,Tennessee,Marion,1,0,0
2242,Tennessee,Perry,1,0,0
1772,Tennessee,Madison,1,0,0
743,Tennessee,DeKalb,0,0,0
1037,Tennessee,Gibson,2,0,0
1534,Tennessee,Knox,15,0,0
166,Tennessee,Bedford,0,0,0
2908,Tennessee,Van Buren,0,0,0
1823,Tennessee,Marshall,0,0,0
1231,Tennessee,Hawkins,0,0,0
721,Tennessee,Davidson,253,0,2
1040,Tennessee,Giles,0,0,0
688,Tennessee,Cumberland,3,0,0
1184,Tennessee,Hancock,0,0,0
187,Tennessee,Benton,0,0,0
753,Tennessee,Decatur,0,0,0
1752,Tennessee,Macon,0,0,0
2707,Tennessee,Stewart,0,0,0
2369,Tennessee,Putnam,8,0,0
2835,Tennessee,Trousdale,0,0,0
925,Tennessee,Fentress,0,0,0
1263,Tennessee,Hickman,0,0,0
1602,Tennessee,Lauderdale,0,0,0
922,Tennessee,Fayette,2,0,0
2580,Tennessee,Sevier,2,0,0
2577,Tennessee,Sequatchie,0,0,0
1617,Tennessee,Lawrence,0,0,0
62,Tennessee,Anderson,1,0,0
1651,Tennessee,Lewis,0,0,0
1256,Tennessee,Henry,0,0,0
1302,Tennessee,Houston,1,0,0
2310,Tennessee,Polk,0,0,0
1573,Tennessee,Lake,0,0,0
2563,Tennessee,Scott,1,0,0
976,Tennessee,Franklin,1,0,0
1242,Tennessee,Henderson,0,0,0
1683,Tennessee,Lincoln,1,0,0
2599,Tennessee,Shelby,170,0,0
835,Tennessee,Dyer,2,0,0
2871,Tennessee,Unassigned,38,0,0
2874,Tennessee,Unicoi,0,0,0
1718,Tennessee,Loudon,2,0,0
671,Tennessee,Crockett,0,0,0
2261,Tennessee,Pickett,0,0,0
1322,Tennessee,Humphreys,0,0,0
783,Tennessee,Dickson,5,0,0
2892,Tennessee,Union,0,0,0
1074,Tennessee,Grainger,0,0,0
1843,Tennessee,Maury,6,0,0
3094,Tennessee,Wilson,7,0,0
1140,Tennessee,Grundy,1,0,0
553,Tennessee,Clay,0,0,0
1198,Tennessee,Hardin,1,0,0
1872,Tennessee,McMinn,2,0,0
1192,Tennessee,Hardeman,0,0,0
515,Tennessee,Claiborne,1,0,0
1993,Tennessee,Montgomery,6,0,0
484,Tennessee,Chester,1,0,0
2728,Tennessee,Sullivan,2,0,0
2001,Tennessee,Moore,0,0,0
3064,Tennessee,White,0,0,0
466,Tennessee,Cheatham,5,0,0
2013,Tennessee,Morgan,0,0,0
1421,Tennessee,Jefferson,4,0,0
2999,Tennessee,Washington,7,0,0
2448,Tennessee,Robertson,12,0,0
2415,Tennessee,Rhea,0,0,0
412,Tennessee,Carter,0,0,0
2441,Tennessee,Roane,1,0,0
1159,Tennessee,Hamblen,2,0,0
404,Tennessee,Carroll,3,0,0
380,Tennessee,Cannon,0,0,0
375,Tennessee,Campbell,2,0,0
2111,Tennessee,Obion,0,0,0
1447,Tennessee,Johnson,0,0,0
1168,Tennessee,Hamilton,15,0,0
3026,Tennessee,Wayne,0,0,0
3030,Tennessee,Weakley,0,0,0
2735,Tennessee,Sumner,34,0,0
2966,Tennessee,Warren,0,0,0
1384,Tennessee,Jackson,0,0,0
259,Tennessee,Bradley,2,0,0
1889,Tennessee,Meigs,0,0,0
1874,Tennessee,McNairy,0,0,0
3090,Tennessee,Williamson,64,0,0
2182,Tennessee,Overton,1,0,0
2486,Tennessee,Rutherford,13,0,0
1123,Tennessee,Greene,5,0,0
220,Tennessee,Bledsoe,0,0,0
2631,Tennessee,Smith,0,0,0
222,Tennessee,Blount,3,0,0
1971,Tennessee,Monroe,2,0,0
589,Tennessee,Coffee,0,0,0
584,Tennessee,Cocke,1,0,0
2179,Tennessee,Out of TN,95,0,0
1193,Texas,Hardeman,0,0,0
1158,Texas,Hall,0,0,0
2824,Texas,Travis,98,0,0
1051,Texas,Glasscock,0,0,0
1005,Texas,Gaines,1,0,0
944,Texas,Foard,0,0,0
941,Texas,Floyd,0,0,0
1212,Texas,Harris,134,0,1
1059,Texas,Goliad,0,0,0
1219,Texas,Harrison,0,0,0
2785,Texas,Terry,1,0,0
2700,Texas,Sterling,0,0,0
2754,Texas,Swisher,0,0,0
1225,Texas,Hartley,0,0,0
2698,Texas,Stephens,0,0,0
2773,Texas,Taylor,0,0,0
2714,Texas,Stonewall,0,0,0
1169,Texas,Hamilton,0,0,0
2784,Texas,Terrell,0,0,0
2832,Texas,Trinity,0,0,0
1060,Texas,Gonzales,0,0,0
2748,Texas,Sutton,0,0,0
1153,Texas,Hale,1,0,0
1243,Texas,Henderson,0,0,0
2808,Texas,Titus,0,0,0
1132,Texas,Gregg,1,0,0
1199,Texas,Hardin,2,0,0
2342,Texas,Presidio,0,0,0
986,Texas,Freestone,0,0,0
1142,Texas,Guadalupe,4,0,0
1233,Texas,Hays,9,0,0
1188,Texas,Hansford,0,0,0
2766,Texas,Tarrant,71,0,1
2813,Texas,Tom Green,1,0,0
992,Texas,Frio,0,0,0
977,Texas,Franklin,0,0,0
2795,Texas,Throckmorton,0,0,0
1237,Texas,Hemphill,0,0,0
1103,Texas,Grayson,2,0,0
1023,Texas,Garza,0,0,0
1229,Texas,Haskell,0,0,0
1100,Texas,Gray,0,0,0
1042,Texas,Gillespie,0,0,0
953,Texas,Fort Bend,46,0,0
1011,Texas,Galveston,22,0,0
733,Texas,Dawson,0,0,0
923,Texas,Fayette,1,0,0
240,Texas,Bosque,0,0,0
248,Texas,Bowie,1,0,0
3075,Texas,Wilbarger,0,0,0
3073,Texas,Wichita,8,0,0
263,Texas,Brazoria,28,0,0
264,Texas,Brazos,16,0,0
269,Texas,Brewster,0,0,0
270,Texas,Briscoe,0,0,0
280,Texas,Brooks,0,0,0
291,Texas,Brown,2,0,0
3059,Texas,Wheeler,0,0,0
3053,Texas,Wharton,3,0,0
317,Texas,Burleson,0,0,0
319,Texas,Burnet,1,0,0
345,Texas,Caldwell,0,0,0
356,Texas,Calhoun,0,0,0
358,Texas,Callahan,0,0,0
3031,Texas,Webb,5,0,0
371,Texas,Cameron,6,0,0
372,Texas,Camp,0,0,0
406,Texas,Carson,0,0,0
239,Texas,Borden,0,0,0
3084,Texas,Willacy,0,0,0
217,Texas,Blanco,1,0,0
3091,Texas,Williamson,14,0,0
3164,Texas,Zapata,0,0,0
3159,Texas,Young,1,0,0
3152,Texas,Yoakum,0,0,0
63,Texas,Anderson,0,0,0
65,Texas,Andrews,0,0,0
67,Texas,Angelina,0,0,0
77,Texas,Aransas,0,0,0
79,Texas,Archer,0,0,0
85,Texas,Armstrong,0,0,0
96,Texas,Atascosa,2,0,0
425,Texas,Cass,1,0,0
109,Texas,Austin,0,0,0
125,Texas,Bandera,0,0,0
145,Texas,Bastrop,1,0,0
153,Texas,Baylor,0,0,0
3114,Texas,Wood,0,0,0
3110,Texas,Wise,0,0,0
168,Texas,Bee,0,0,0
171,Texas,Bell,18,0,0
3100,Texas,Winkler,0,0,0
3095,Texas,Wilson,1,0,0
200,Texas,Bexar,69,0,2
115,Texas,Bailey,0,0,0
427,Texas,Castro,2,0,0
444,Texas,Chambers,1,0,0
3000,Texas,Washington,0,0,0
1266,Texas,Hidalgo,5,0,0
746,Texas,DeWitt,2,0,0
747,Texas,Deaf Smith,1,0,0
765,Texas,Delta,0,0,0
768,Texas,Denton,51,0,0
2899,Texas,Val Verde,0,0,0
2898,Texas,Uvalde,0,0,0
2896,Texas,Upton,0,0,0
2893,Texas,Upshur,0,0,0
777,Texas,Dickens,0,0,0
2910,Texas,Van Zandt,1,0,0
786,Texas,Dimmit,0,0,0
834,Texas,Duval,0,0,0
841,Texas,Eastland,1,0,0
845,Texas,Ector,0,0,0
855,Texas,Edwards,0,0,0
860,Texas,El Paso,16,0,0
871,Texas,Ellis,7,0,0
881,Texas,Erath,1,0,0
2849,Texas,Tyler,0,0,0
906,Texas,Falls,1,0,0
909,Texas,Fannin,1,0,0
800,Texas,Donley,0,0,0
931,Texas,Fisher,0,0,0
712,Texas,Dallas,169,0,5
2921,Texas,Victoria,3,0,0
478,Texas,Cherokee,0,0,0
493,Texas,Childress,0,0,0
554,Texas,Clay,0,0,0
583,Texas,Cochran,0,0,0
591,Texas,Coke,0,0,0
594,Texas,Coleman,0,0,0
600,Texas,Collin,53,0,1
601,Texas,Collingsworth,0,0,0
603,Texas,Colorado,0,0,0
2952,Texas,Ward,0,0,0
707,Texas,Dallam,0,0,0
616,Texas,Comal,5,0,0
620,Texas,Concho,0,0,0
630,Texas,Cooke,0,0,0
638,Texas,Coryell,1,0,0
2942,Texas,Waller,1,0,0
641,Texas,Cottle,0,0,0
2939,Texas,Walker,1,0,0
653,Texas,Crane,1,0,0
672,Texas,Crockett,0,0,0
675,Texas,Crosby,0,0,0
679,Texas,Culberson,0,0,0
619,Texas,Comanche,0,0,0
1271,Texas,Hill,0,0,0
1136,Texas,Grimes,2,0,0
1288,Texas,Hood,0,0,0
1739,Texas,Lynn,0,0,0
1773,Texas,Madison,0,0,0
1807,Texas,Marion,0,0,0
2521,Texas,San Saba,0,0,0
1505,Texas,King,0,0,0
1504,Texas,Kimble,0,0,0
1496,Texas,Kerr,0,0,0
2520,Texas,San Patricio,0,0,0
1830,Texas,Martin,0,0,0
1492,Texas,Kent,0,0,0
2400,Texas,Reagan,0,0,0
1835,Texas,Mason,0,0,0
1515,Texas,Kinney,0,0,0
2401,Texas,Real,0,0,0
1839,Texas,Matagorda,6,0,1
1844,Texas,Maverick,1,0,0
1485,Texas,Kenedy,0,0,0
1279,Texas,Hockley,5,0,0
2505,Texas,San Augustine,0,0,0
1852,Texas,McCulloch,0,0,0
1476,Texas,Kaufman,2,0,0
1870,Texas,McLennan,24,0,0
1873,Texas,McMullen,0,0,0
1474,Texas,Karnes,0,0,0
2632,Texas,Smith,14,0,0
1886,Texas,Medina,1,0,0
2510,Texas,San Jacinto,0,0,0
2404,Texas,Red River,0,0,0
2543,Texas,Schleicher,0,0,0
1728,Texas,Lubbock,13,0,0
1606,Texas,Lavaca,1,0,0
1634,Texas,Lee,0,0,0
1643,Texas,Leon,0,0,0
2379,Texas,Rains,0,0,0
3165,Texas,Zavala,0,0,0
2218,Texas,Pecos,0,0,0
1582,Texas,Lampasas,0,0,0
2567,Texas,Scurry,0,0,0
2204,Texas,Parmer,0,0,0
1580,Texas,Lamb,0,0,0
1660,Texas,Liberty,1,0,0
1579,Texas,Lamar,1,0,0
2611,Texas,Sherman,0,0,0
1663,Texas,Limestone,1,0,0
2077,Texas,Newton,0,0,0
2384,Texas,Randall,2,0,0
2203,Texas,Parker,1,0,0
1692,Texas,Lipscomb,0,0,0
1695,Texas,Live Oak,0,0,0
1545,Texas,La Salle,0,0,0
1702,Texas,Llano,1,0,0
1535,Texas,Knox,0,0,0
1524,Texas,Kleberg,0,0,0
2198,Texas,Panola,0,0,0
1724,Texas,Loving,0,0,0
2195,Texas,Palo Pinto,0,0,0
2600,Texas,Shelby,0,0,0
2489,Texas,Sabine,0,0,0
1484,Texas,Kendall,1,0,0
1974,Texas,Montague,0,0,0
1422,Texas,Jefferson,6,0,0
1399,Texas,Jeff Davis,0,0,0
1396,Texas,Jasper,0,0,0
2107,Texas,Nueces,10,0,0
2311,Texas,Polk,0,0,0
2462,Texas,Rockwall,0,0,0
1385,Texas,Jackson,0,0,0
1363,Texas,Jack,0,0,0
1994,Texas,Montgomery,23,0,0
2002,Texas,Moore,0,0,0
2449,Texas,Robertson,1,0,0
2019,Texas,Morris,1,0,0
1348,Texas,Irion,0,0,0
2446,Texas,Roberts,0,0,0
1330,Texas,Hutchinson,0,0,0
1323,Texas,Hunt,1,0,0
2025,Texas,Motley,0,0,0
1314,Texas,Hudspeth,0,0,0
1310,Texas,Howard,0,0,0
1303,Texas,Houston,0,0,0
2040,Texas,Nacogdoches,0,0,0
2089,Texas,Nolan,0,0,0
1294,Texas,Hopkins,1,0,0
2050,Texas,Navarro,0,0,0
2690,Texas,Starr,0,0,0
2114,Texas,Ochiltree,0,0,0
1947,Texas,Mitchell,0,0,0
2584,Texas,Shackelford,0,0,0
1436,Texas,Jim Wells,0,0,0
2479,Texas,Rusk,2,0,0
2408,Texas,Refugio,0,0,0
1448,Texas,Johnson,3,0,0
1435,Texas,Jim Hogg,0,0,0
2330,Texas,Potter,3,0,0
1920,Texas,Midland,3,0,1
1922,Texas,Milam,2,0,0
2476,Texas,Runnels,0,0,0
1892,Texas,Menard,0,0,0
2642,Texas,Somervell,0,0,0
2407,Texas,Reeves,0,0,0
1457,Texas,Jones,0,0,0
2133,Texas,Oldham,1,0,1
1929,Texas,Mills,0,0,0
2148,Texas,Orange,1,0,0
2815,Utah,Tooele,2,0,0
2581,Utah,Sevier,0,0,0
251,Utah,Box Elder,1,0,0
3032,Utah,Weber,9,0,0
336,Utah,Cache,3,0,0
1471,Utah,Kane,0,0,0
3027,Utah,Wayne,0,0,0
876,Utah,Emery,0,0,0
1459,Utah,Juab,0,0,0
161,Utah,Beaver,0,0,0
2502,Utah,Salt Lake,124,0,0
2853,Utah,Uintah,0,0,0
386,Utah,Carbon,0,0,0
1351,Utah,Iron,0,0,0
2969,Utah,Wasatch,15,0,0
3001,Utah,Washington,5,0,0
2287,Utah,Piute,0,0,0
1076,Utah,Grand,0,0,0
727,Utah,Davis,31,0,1
2514,Utah,San Juan,0,0,0
2528,Utah,Sanpete,0,0,0
2180,Utah,Out of UT,13,0,0
2897,Utah,Utah,13,0,0
2418,Utah,Rich,0,0,0
1923,Utah,Millard,0,0,0
703,Utah,Daggett,0,0,0
1017,Utah,Garfield,0,0,0
2014,Utah,Morgan,0,0,0
823,Utah,Duchesne,0,0,0
2733,Utah,Summit,82,0,0
891,Vermont,Essex,0,0,0
3002,Vermont,Washington,3,0,0
2149,Vermont,Orange,3,0,0
3098,Vermont,Windham,5,0,0
2155,Vermont,Orleans,2,0,0
3099,Vermont,Windsor,15,0,1
177,Vermont,Bennington,9,0,0
2872,Vermont,Unassigned,0,0,2
499,Vermont,Chittenden,40,0,4
2487,Vermont,Rutland,5,0,0
346,Vermont,Caledonia,1,0,0
1581,Vermont,Lamoille,2,0,0
1078,Vermont,Grand Isle,0,0,0
20,Vermont,Addison,8,0,0
978,Vermont,Franklin,2,0,0
1104,Virginia,Grayson,0,0,0
449,Virginia,Charles City,1,0,0
2102,Virginia,Norton,0,0,0
1358,Virginia,Isle of Wight,2,0,0
651,Virginia,Craig,0,0,0
167,Virginia,Bedford,3,0,0
646,Virginia,Covington,0,0,0
454,Virginia,Charlotte,0,0,0
455,Virginia,Charlottesville,5,0,0
1124,Virginia,Greene,0,0,0
1126,Virginia,Greensville,0,0,0
2496,Virginia,Salem,0,0,0
2346,Virginia,Prince Edward,2,0,0
3138,Virginia,Wythe,0,0,0
1831,Virginia,Martinsville,0,0,0
1841,Virginia,Mathews,0,0,0
681,Virginia,Culpeper,2,0,0
2925,Virginia,Virginia Beach,17,0,1
689,Virginia,Cumberland,0,0,0
2150,Virginia,Orange,1,0,0
1221,Virginia,Harrisonburg,1,0,0
242,Virginia,Botetourt,1,0,0
83,Virginia,Arlington,36,0,0
2360,Virginia,Pulaski,0,0,0
3003,Virginia,Washington,0,0,0
301,Virginia,Buckingham,0,0,0
2777,Virginia,Tazewell,0,0,0
715,Virginia,Danville,1,0,0
2444,Virginia,Roanoke City,0,0,0
1883,Virginia,Mecklenburg,2,0,0
2633,Virginia,Smyth,0,0,0
2319,Virginia,Poquoson,0,0,0
36,Virginia,Alexandria,8,0,0
300,Virginia,Buchanan,0,0,0
295,Virginia,Brunswick,0,0,0
2103,Virginia,Nottoway,0,0,0
2722,Virginia,Suffolk,1,0,0
1388,Virginia,James City,37,0,2
536,Virginia,Clarke,0,0,0
44,Virginia,Alleghany,0,0,0
2336,Virginia,Powhatan,0,0,0
486,Virginia,Chesterfield,10,0,0
1187,Virginia,Hanover,1,0,0
2460,Virginia,Rockingham,3,0,0
2347,Virginia,Prince George,0,0,0
1995,Virginia,Montgomery,0,0,0
2967,Virginia,Warren,0,0,0
273,Virginia,Bristol,0,0,0
2349,Virginia,Prince William,23,0,0
55,Virginia,Amelia,0,0,0
2323,Virginia,Portsmouth,0,0,0
1155,Virginia,Halifax,1,0,0
2484,Virginia,Russell,0,0,0
3158,Virginia,York,6,0,1
2455,Virginia,Rockbridge,2,0,0
2746,Virginia,Sussex,0,0,0
76,Virginia,Appomattox,0,0,0
602,Virginia,Colonial Heights,0,0,0
2644,Virginia,Southampton,0,0,0
2742,Virginia,Surry,0,0,0
56,Virginia,Amherst,1,0,0
480,Virginia,Chesapeake,1,0,0
1175,Virginia,Hampton,0,0,0
2652,Virginia,Spotsylvania,2,0,0
1918,Virginia,Middlesex,0,0,0
107,Virginia,Augusta,0,0,0
29,Virginia,Albemarle,4,0,0
1061,Virginia,Goochland,3,0,0
2443,Virginia,Roanoke,0,0,0
2,Virginia,Accomack,2,0,0
376,Virginia,Campbell,0,0,0
1257,Virginia,Henry,0,0,0
2053,Virginia,Nelson,1,0,0
984,Virginia,Fredericksburg,0,0,0
3111,Virginia,Wise,0,0,0
983,Virginia,Frederick,0,0,0
2601,Virginia,Shenandoah,0,0,0
981,Virginia,Franklin City,0,0,0
2064,Virginia,New Kent,0,0,0
2071,Virginia,Newport News,3,0,1
979,Virginia,Franklin,1,0,0
148,Virginia,Bath,0,0,0
2564,Virginia,Scott,0,0,0
1292,Virginia,Hopewell,0,0,0
2691,Virginia,Staunton,0,0,0
880,Virginia,Emporia,0,0,0
1656,Virginia,Lexington,0,0,0
892,Virginia,Essex,0,0,0
899,Virginia,Fairfax,46,0,1
900,Virginia,Fairfax City,0,0,0
943,Virginia,Fluvanna,1,0,0
3029,Virginia,Waynesboro,0,0,0
942,Virginia,Floyd,0,0,0
2208,Virginia,Patrick,0,0,0
2378,Virginia,Radford,1,0,0
2431,Virginia,Richmond City,11,0,0
1586,Virginia,Lancaster,0,0,0
2246,Virginia,Petersburg,0,0,0
3096,Virginia,Winchester,0,0,0
1247,Virginia,Henrico,14,0,2
1719,Virginia,Loudoun,18,0,0
2286,Virginia,Pittsylvania,0,0,0
1054,Virginia,Gloucester,2,0,0
1268,Virginia,Highland,0,0,0
2396,Virginia,Rappahannock,0,0,0
2680,Virginia,Stafford,6,0,0
3049,Virginia,Westmoreland,0,0,0
1507,Virginia,King George,0,0,0
218,Virginia,Bland,0,0,0
304,Virginia,Buena Vista,0,0,0
1782,Virginia,Manassas Park,0,0,0
1781,Virginia,Manassas,0,0,0
1041,Virginia,Giles,0,0,0
1774,Virginia,Madison,1,0,0
1508,Virginia,King William,0,0,0
907,Virginia,Falls Church,0,0,0
3088,Virginia,Williamsburg,5,0,1
2192,Virginia,Page,0,0,0
1509,Virginia,King and Queen,0,0,0
405,Virginia,Carroll,0,0,0
913,Virginia,Fauquier,0,0,0
778,Virginia,Dickenson,0,0,0
1738,Virginia,Lynchburg,2,0,0
1734,Virginia,Lunenburg,0,0,0
2097,Virginia,Northampton,0,0,0
787,Virginia,Dinwiddie,0,0,0
392,Virginia,Caroline,0,0,0
2092,Virginia,Norfolk,8,0,0
2430,Virginia,Richmond,0,0,0
1006,Virginia,Galax,0,0,0
1721,Virginia,Louisa,3,0,0
2099,Virginia,Northumberland,0,0,0
1635,Virginia,Lee,2,0,0
3054,Washington,Whatcom,64,0,2
2705,Washington,Stevens,1,0,0
1357,Washington,Island,38,0,1
18,Washington,Adams,1,0,0
468,Washington,Chelan,10,0,1
649,Washington,Cowlitz,3,0,0
1684,Washington,Lincoln,1,0,0
530,Washington,Clark,16,0,4
2515,Washington,San Juan,1,0,0
516,Washington,Clallam,4,0,0
2265,Washington,Pierce,138,0,1
2190,Washington,Pacific,0,0,0
2797,Washington,Thurston,14,0,0
1520,Washington,Kitsap,20,0,0
1018,Washington,Garfield,0,0,0
94,Washington,Asotin,0,0,0
1521,Washington,Kittitas,18,0,0
1525,Washington,Klickitat,6,0,0
2873,Washington,Unassigned,51,0,0
188,Washington,Benton,12,0,3
980,Washington,Franklin,7,0,0
2221,Washington,Pend Oreille,0,0,0
1652,Washington,Lewis,2,0,0
927,Washington,Ferry,0,0,0
816,Washington,Douglas,2,0,0
1093,Washington,Grant,27,0,1
1506,Washington,King,1277,0,94
2625,Washington,Skagit,48,0,1
2126,Washington,Okanogan,0,0,0
1423,Washington,Jefferson,9,0,0
2651,Washington,Spokane,33,0,0
611,Washington,Columbia,1,0,0
1836,Washington,Mason,2,0,0
2634,Washington,Snohomish,614,0,16
2940,Washington,Walla Walla,2,0,0
3140,Washington,Yakima,47,0,1
3070,Washington,Whitman,2,0,0
2933,Washington,Wahkiakum,0,0,0
2627,Washington,Skamania,0,0,0
1101,Washington,Grays Harbor,1,0,0
2298,West Virginia,Pocahontas,0,0,0
2380,West Virginia,Raleigh,0,0,0
2124,West Virginia,Ohio,0,0,0
3137,West Virginia,Wyoming,0,0,0
3115,West Virginia,Wood,1,0,0
2224,West Virginia,Pendleton,0,0,0
277,West Virginia,Brooke,0,0,0
3040,West Virginia,Webster,0,0,0
238,West Virginia,Boone,0,0,0
2370,West Virginia,Putnam,1,0,0
3051,West Virginia,Wetzel,0,0,0
335,West Virginia,Cabell,0,0,0
132,West Virginia,Barbour,0,0,0
262,West Virginia,Braxton,0,0,0
2392,West Virginia,Randolph,0,0,0
192,West Virginia,Berkeley,2,0,0
2293,West Virginia,Pleasants,0,0,0
3109,West Virginia,Wirt,0,0,0
2344,West Virginia,Preston,1,0,0
2081,West Virginia,Nicholas,0,0,0
1185,West Virginia,Hancock,0,0,0
1202,West Virginia,Hardy,0,0,0
1956,West Virginia,Monongalia,16,0,0
1045,West Virginia,Gilmer,0,0,0
2730,West Virginia,Summers,0,0,0
2894,West Virginia,Upshur,0,0,0
1936,West Virginia,Mingo,0,0,0
1837,West Virginia,Mason,0,0,0
555,West Virginia,Clay,0,0,0
2837,West Virginia,Tucker,2,0,0
1712,West Virginia,Logan,0,0,0
1905,West Virginia,Mercer,2,0,0
1808,West Virginia,Marion,0,0,0
1220,West Virginia,Harrison,3,0,0
1857,West Virginia,McDowell,0,0,0
1824,West Virginia,Marshall,2,0,0
1935,West Virginia,Mineral,0,0,0
1424,West Virginia,Jefferson,3,0,0
1972,West Virginia,Monroe,0,0,0
2439,West Virginia,Ritchie,0,0,0
357,West Virginia,Calhoun,0,0,0
1468,West Virginia,Kanawha,4,0,0
1110,West Virginia,Greenbrier,0,0,0
1173,West Virginia,Hampshire,0,0,0
1386,West Virginia,Jackson,2,0,0
1685,West Virginia,Lincoln,0,0,0
2850,West Virginia,Tyler,0,0,0
3028,West Virginia,Wayne,0,0,0
2774,West Virginia,Taylor,0,0,0
792,West Virginia,Doddridge,0,0,0
1653,West Virginia,Lewis,0,0,0
2442,West Virginia,Roane,0,0,0
924,West Virginia,Fayette,0,0,0
2015,West Virginia,Morgan,0,0,0
1094,West Virginia,Grant,0,0,0
936,Wisconsin,Florence,0,0,0
1686,Wisconsin,Lincoln,0,0,0
1387,Wisconsin,Jackson,0,0,0
3104,Wisconsin,Winnebago,5,0,0
2589,Wisconsin,Shawano,0,0,0
1590,Wisconsin,Langlade,0,0,0
2591,Wisconsin,Sheboygan,6,0,0
2827,Wisconsin,Trempealeau,0,0,0
843,Wisconsin,Eau Claire,5,0,0
2377,Wisconsin,Racine,5,0,0
2312,Wisconsin,Polk,0,0,0
1462,Wisconsin,Juneau,0,0,0
1109,Wisconsin,Green Lake,0,0,0
1108,Wisconsin,Green,1,0,0
1095,Wisconsin,Grant,0,0,0
2775,Wisconsin,Taylor,0,0,0
91,Wisconsin,Ashland,0,0,0
1487,Wisconsin,Kenosha,13,0,0
1499,Wisconsin,Kewaunee,0,0,0
2266,Wisconsin,Pierce,3,0,0
2660,Wisconsin,St. Croix,4,0,0
1542,Wisconsin,La Crosse,10,0,0
2229,Wisconsin,Pepin,0,0,0
1560,Wisconsin,Lafayette,0,0,0
152,Wisconsin,Bayfield,1,0,0
949,Wisconsin,Forest,0,0,0
945,Wisconsin,Fond du Lac,18,0,1
3116,Wisconsin,Wood,1,0,0
137,Wisconsin,Barron,0,0,0
2539,Wisconsin,Sauk,4,0,0
829,Wisconsin,Dunn,1,0,0
2117,Wisconsin,Oconto,0,0,0
2973,Wisconsin,Washburn,0,0,0
531,Wisconsin,Clark,0,0,0
292,Wisconsin,Brown,3,0,0
1973,Wisconsin,Monroe,0,0,0
497,Wisconsin,Chippewa,1,0,0
2453,Wisconsin,Rock,3,0,0
3004,Wisconsin,Washington,17,0,0
1352,Wisconsin,Iron,0,0,0
19,Wisconsin,Adams,0,0,0
3011,Wisconsin,Waupaca,0,0,0
3012,Wisconsin,Waushara,0,0,0
307,Wisconsin,Buffalo,0,0,0
1346,Wisconsin,Iowa,1,0,0
320,Wisconsin,Burnett,0,0,0
2345,Wisconsin,Price,0,0,0
361,Wisconsin,Calumet,1,0,0
2426,Wisconsin,Richland,0,0,0
3010,Wisconsin,Waukesha,31,0,0
2480,Wisconsin,Rusk,0,0,0
1930,Wisconsin,Milwaukee,243,0,3
1786,Wisconsin,Marathon,1,0,0
817,Wisconsin,Douglas,4,0,0
802,Wisconsin,Door,0,0,0
796,Wisconsin,Dodge,3,0,0
2541,Wisconsin,Sawyer,0,0,0
1425,Wisconsin,Jefferson,4,0,0
2189,Wisconsin,Ozaukee,16,0,1
1785,Wisconsin,Manitowoc,0,0,0
612,Wisconsin,Columbia,5,0,0
2181,Wisconsin,Outagamie,2,0,0
2321,Wisconsin,Portage,0,0,0
1812,Wisconsin,Marquette,0,0,0
713,Wisconsin,Dane,72,0,0
2920,Wisconsin,Vernon,0,0,0
2923,Wisconsin,Vilas,0,0,0
665,Wisconsin,Crawford,0,0,0
2949,Wisconsin,Walworth,4,0,0
1896,Wisconsin,Menominee,0,0,0
2138,Wisconsin,Oneida,0,0,0
1791,Wisconsin,Marinette,0,0,0
1297,Wyoming,Hot Springs,0,0,0
2719,Wyoming,Sublette,0,0,0
28,Wyoming,Albany,0,0,0
2083,Wyoming,Niobrara,0,0,0
2752,Wyoming,Sweetwater,2,0,0
2048,Wyoming,Natrona,3,0,0
377,Wyoming,Campbell,1,0,0
387,Wyoming,Carbon,3,0,0
3050,Wyoming,Weston,0,0,0
2972,Wyoming,Washakie,0,0,0
625,Wyoming,Converse,0,0,0
205,Wyoming,Big Horn,0,0,0
1449,Wyoming,Johnson,0,0,0
2201,Wyoming,Park,1,0,0
2852,Wyoming,Uinta,0,0,0
1593,Wyoming,Laramie,10,0,0
990,Wyoming,Fremont,13,0,0
2607,Wyoming,Sheridan,4,0,0
2788,Wyoming,Teton,3,0,0
1065,Wyoming,Goshen,0,0,0
2292,Wyoming,Platte,0,0,0
1687,Wyoming,Lincoln,0,0,0
674,Wyoming,Crook,0,0,0
